kernel,output_mode,index_dtype,num_tokens,num_experts,topk,score_function,group_topk,dtype,test_pass,fused_ms,ref_ms,speedup,fused_gbps,ref_gbps,checkpoint,shape
topk,sparse,-,4096,256,8,softmax,0,float32,forward,0.0212326407432556,0.0845686435699462,3.9829545741647263,642.0062471188346,161.18844319319686,trace-back,256/8
topk,sparse,-,4096,256,8,softmax,0,float32,backward_raw,0.0054796797037124,0.0513340806961059,9.368080521444949,2487.6432085555502,265.5446014646181,trace-back,256/8
topk,sparse,-,4096,384,6,softmax,0,float32,forward,0.01970144033432,0.12853759765625,6.52427413808606,1037.8546772735572,159.0758841991301,trace-back,384/6
topk,sparse,-,4096,384,6,softmax,0,float32,backward_raw,0.0069830399751663,0.0515721607208252,7.385345194103212,2928.1275880871626,396.4780942704087,trace-back,384/6
topk,sparse,-,4096,512,10,softmax,0,float32,forward,0.0523296022415161,0.150228796005249,2.870818610695722,520.9857295336118,181.47636621575157,trace-back,512/10
topk,sparse,-,4096,512,10,softmax,0,float32,backward_raw,0.0085600000619888,0.0520425605773925,6.079738341181859,3184.927079739497,523.859235547359,trace-back,512/10
topk,sparse,-,4096,512,22,softmax,0,float32,forward,0.2062652778625488,0.1506675243377685,0.7304551008249215,132.17433531477613,180.947925704822,trace-back,512/22
topk,sparse,-,4096,512,22,softmax,0,float32,backward_raw,0.0085667198896408,0.0526262378692626,6.143102441449063,3182.42878852236,518.0491158750193,trace-back,512/22
topk,sparse,-,4096,896,16,softmax,0,float32,forward,0.1964406394958496,0.173666877746582,0.8840679718427167,242.87341011740097,274.722552849828,trace-back,896/16
topk,sparse,-,4096,896,16,softmax,0,float32,backward_raw,0.0198383998870849,0.0692966413497924,3.4930559795251144,2404.942347747508,688.4923579365203,trace-back,896/16
topk,sparse,-,4096,2304,16,softmax,0,float32,forward,0.8203126525878907,0.2541414451599121,0.309810465995077,149.5568690949276,482.736658410062,trace-back,2304/16
topk,sparse,-,4096,2304,16,softmax,0,float32,backward_raw,0.22785888671875,0.1727606391906738,0.7581913599179266,538.4182893486623,710.1350896519654,trace-back,2304/16
topk,sparse,-,4096,2304,36,softmax,0,float32,forward,3.8838009643554687,0.2756684875488281,0.0709790460630817,31.588485899755614,445.0395948077655,trace-back,2304/36
topk,sparse,-,4096,2304,36,softmax,0,float32,backward_raw,0.2279689598083496,0.1730652809143066,0.759161602789258,538.1583181461997,708.8850597408195,trace-back,2304/36
topk,sparse,-,16384,256,8,softmax,0,float32,forward,0.0673305606842041,0.2503424072265625,3.718109647129277,809.8247132641493,217.80549529770016,trace-back,256/8
topk,sparse,-,16384,256,8,softmax,0,float32,backward_raw,0.0156879997253417,0.0797843217849731,5.085691176810297,3475.6471796669434,683.4168766509413,trace-back,256/8
topk,sparse,-,16384,384,6,softmax,0,float32,forward,0.062325439453125,0.4235219192504882,6.795329851930196,1312.2880274516715,193.11616301877083,trace-back,384/6
topk,sparse,-,16384,384,6,softmax,0,float32,backward_raw,0.0233129596710205,0.1142419242858886,4.900361253912289,3508.3030706594,715.9274365453128,trace-back,384/6
topk,sparse,-,16384,512,10,softmax,0,float32,forward,0.1732979202270508,0.4018809509277343,2.3190177377847325,629.274164728133,271.3537522698098,trace-back,512/10
topk,sparse,-,16384,512,10,softmax,0,float32,backward_raw,0.0429196786880493,0.1508214378356933,3.5140393042524924,2540.8369152205405,723.0530723278373,trace-back,512/10
topk,sparse,-,16384,512,22,softmax,0,float32,forward,0.6897721862792969,0.4063260650634765,0.5890728462903697,158.098436221729,268.38520433820514,trace-back,512/22
topk,sparse,-,16384,512,22,softmax,0,float32,backward_raw,0.0431884813308715,0.1510492801666259,3.4974436588640674,2525.022891278387,721.9624210039419,trace-back,512/22
topk,sparse,-,16384,896,16,softmax,0,float32,forward,0.6612572479248047,0.5148575973510742,0.7786040893567968,288.60300979521605,370.6672155210877,trace-back,896/16
topk,sparse,-,16384,896,16,softmax,0,float32,backward_raw,0.1044150352478027,0.2786950492858887,2.6691084155119644,1827.714098329684,684.7657771065508,trace-back,896/16
topk,sparse,-,16384,2304,16,softmax,0,float32,forward,2.1718858337402343,0.9483590698242188,0.4366523576384476,225.9481416455952,517.4554486951434,trace-back,2304/16
topk,sparse,-,16384,2304,16,softmax,0,float32,backward_raw,0.8940512084960938,0.7316815948486328,0.8183889109432703,548.8875394793945,670.6927869376309,trace-back,2304/16
topk,sparse,-,16384,2304,36,softmax,0,float32,forward,11.907069091796876,1.0296995544433594,0.0864780028153821,41.21363235710797,476.57937296601386,trace-back,2304/36
topk,sparse,-,16384,2304,36,softmax,0,float32,backward_raw,0.8946665954589844,0.7318089294433594,0.8179683170890322,548.5099929859821,670.5760865384218,trace-back,2304/36
topk,sparse,-,65536,256,8,softmax,0,float32,forward,0.2447756767272949,0.9574156951904296,3.9114004626247594,891.0354611867334,227.8047133503689,trace-back,256/8
topk,sparse,-,65536,256,8,softmax,0,float32,backward_raw,0.0697545623779297,0.3272473526000976,4.691411449577648,3126.731794521414,666.4799768954186,trace-back,256/8
topk,sparse,-,65536,384,6,softmax,0,float32,forward,0.2234111976623535,1.6786537170410156,7.513740289678782,1464.365776752327,194.8917210731714,trace-back,384/6
topk,sparse,-,65536,384,6,softmax,0,float32,backward_raw,0.1004153633117675,0.5027215957641602,5.006421121072085,3258.024481614965,650.7691628061215,trace-back,384/6
topk,sparse,-,65536,512,10,softmax,0,float32,forward,0.6281436920166016,1.9364646911621093,3.08283712114541,694.4392207451654,225.2597829388893,trace-back,512/10
topk,sparse,-,65536,512,10,softmax,0,float32,backward_raw,0.149965763092041,0.6576780700683593,4.385521445082845,2908.7146759776024,663.2540080812796,trace-back,512/10
topk,sparse,-,65536,512,22,softmax,0,float32,forward,2.551617584228516,1.9611097717285155,0.7685751124502692,170.95336648257495,222.42896460381613,trace-back,512/22
topk,sparse,-,65536,512,22,softmax,0,float32,backward_raw,0.1493187236785888,0.6583074951171874,4.408740437228794,2921.3189428202213,662.6198535417697,trace-back,512/22
topk,sparse,-,65536,896,16,softmax,0,float32,forward,2.428235778808593,2.4115338134765625,0.9931217695259288,314.3695248467765,316.5468067393612,trace-back,896/16
topk,sparse,-,65536,896,16,softmax,0,float32,backward_raw,0.4085248184204101,1.1234345245361328,2.749978639926874,1868.5849514641432,679.4907147038173,trace-back,896/16
topk,sparse,-,65536,2304,16,softmax,0,float32,forward,8.208757934570313,3.827686767578125,0.4662930492149401,239.1268310804136,512.8252104186672,trace-back,2304/16
topk,sparse,-,65536,2304,16,softmax,0,float32,backward_raw,3.5494744873046877,2.814547119140625,0.7929475558163165,553.0210962272798,697.4245549668926,trace-back,2304/16
topk,sparse,-,65536,2304,36,softmax,0,float32,forward,45.3582861328125,4.216506652832031,0.0929600082438251,43.27620021295293,465.5356752921494,trace-back,2304/36
topk,sparse,-,65536,2304,36,softmax,0,float32,backward_raw,3.552248840332031,2.8143820190429687,0.7922817757271493,552.5891794834179,697.4654679848674,trace-back,2304/36
topk,sparse,-,262144,256,8,softmax,0,float32,forward,0.9487049865722657,3.7207391357421873,3.921913754438528,919.5853762212154,234.47363552564045,trace-back,256/8
topk,sparse,-,262144,256,8,softmax,0,float32,backward_raw,0.2607692718505859,1.2939804077148438,4.962165973513402,3345.544610408972,674.2105419823755,trace-back,256/8
topk,sparse,-,262144,384,6,softmax,0,float32,forward,0.8608895874023438,6.534306030273438,7.590178956618715,1520.0820954852652,200.2695989347837,trace-back,384/6
topk,sparse,-,262144,384,6,softmax,0,float32,backward_raw,0.3649875259399414,1.909034576416016,5.2304104681378805,3585.3906092542284,685.489337996582,trace-back,384/6
topk,sparse,-,262144,512,10,softmax,0,float32,forward,2.441032257080078,6.72616455078125,2.755459101891171,714.7920552623655,259.409422833305,trace-back,512/10
topk,sparse,-,262144,512,10,softmax,0,float32,backward_raw,0.5538668823242188,2.5250245666503908,4.558901510872985,3150.270434437391,691.0152428000456,trace-back,512/10
topk,sparse,-,262144,512,22,softmax,0,float32,forward,9.952257690429688,6.86294921875,0.6895871702909747,175.32006488114428,254.2391628416856,trace-back,512/22
topk,sparse,-,262144,512,22,softmax,0,float32,backward_raw,0.5598172760009765,2.525310363769531,4.510954684730248,3116.785670610416,690.9370384856344,trace-back,512/22
topk,sparse,-,262144,896,16,softmax,0,float32,forward,9.460938110351565,8.5980126953125,0.9087907134605496,322.7431863928064,355.1347759308025,trace-back,896/16
topk,sparse,-,262144,896,16,softmax,0,float32,backward_raw,1.5933651733398435,4.367326965332032,2.740945414400957,1916.3549970153251,699.1583951095032,trace-back,896/16
topk,sparse,-,262144,2304,16,softmax,0,float32,forward,32.25015380859375,14.259822998046875,0.4421629454135203,243.46355476629492,550.61953357173,trace-back,2304/16
topk,sparse,-,262144,2304,16,softmax,0,float32,backward_raw,14.26505126953125,11.15871826171875,0.7822417214547751,550.4177264872885,703.641484966627,trace-back,2304/16
topk,sparse,-,262144,2304,36,softmax,0,float32,forward,177.550625,15.732327880859376,0.0886075612567366,44.22252576131456,499.0829804375461,trace-back,2304/36
topk,sparse,-,262144,2304,36,softmax,0,float32,backward_raw,14.1798095703125,11.15821044921875,0.7869083427312092,553.7265538769122,703.6735078383241,trace-back,2304/36
topk,sparse,-,4096,256,8,sigmoid,0,float32,forward,0.0221606397628784,0.1049833583831787,4.737379403596358,615.121591518052,129.84427446344816,trace-back,256/8
topk,sparse,-,4096,256,8,sigmoid,0,float32,backward_raw,0.0059132802486419,0.080641918182373,13.63742538684736,2305.2328702213263,169.0372489549686,trace-back,256/8
topk,sparse,-,4096,384,6,sigmoid,0,float32,forward,0.0209859204292297,0.138796157836914,6.6137750929235,974.330960081244,147.31842954922112,trace-back,384/6
topk,sparse,-,4096,384,6,sigmoid,0,float32,backward_raw,0.0072966402769088,0.0813635158538818,11.15081911210106,2802.280395363303,251.3071342285716,trace-back,384/6
topk,sparse,-,4096,512,10,sigmoid,0,float32,forward,0.0541673612594604,0.1746329689025879,3.223951930501098,503.310025928916,156.1158592866137,trace-back,512/10
topk,sparse,-,4096,512,10,sigmoid,0,float32,backward_raw,0.0090271997451782,0.0814659214019775,9.024495270030071,3020.0922511504427,334.6549763486527,trace-back,512/10
topk,sparse,-,4096,512,22,sigmoid,0,float32,forward,0.2084432029724121,0.1743590354919433,0.8364822311573294,130.79330777510796,156.3611310597078,trace-back,512/22
topk,sparse,-,4096,512,22,sigmoid,0,float32,backward_raw,0.0093958401679992,0.0815132808685302,8.675464823907019,2901.6006565174816,334.4605407795012,trace-back,512/22
topk,sparse,-,4096,896,16,sigmoid,0,float32,forward,0.1994022369384765,0.1998067283630371,1.002028519994414,239.26616236868236,238.7817887359296,trace-back,896/16
topk,sparse,-,4096,896,16,sigmoid,0,float32,backward_raw,0.0202640008926391,0.0959235191345214,4.733691023936217,2354.4317952201923,497.3775819576848,trace-back,896/16
topk,sparse,-,4096,2304,16,sigmoid,0,float32,forward,0.8333376312255859,0.2972102355957031,0.3566504433006312,147.219311120716,412.78319958969024,trace-back,2304/16
topk,sparse,-,4096,2304,16,sigmoid,0,float32,backward_raw,0.2265571212768554,0.2340348815917968,1.0330060704902917,541.5119653205668,524.2098578022403,trace-back,2304/16
topk,sparse,-,4096,2304,36,sigmoid,0,float32,forward,3.896836242675781,0.3169001579284668,0.0813224211112514,31.482819487369287,387.1357868735839,trace-back,2304/36
topk,sparse,-,4096,2304,36,sigmoid,0,float32,backward_raw,0.2315456008911132,0.2347504043579101,1.0138409170999712,529.8454884387681,522.6120582648787,trace-back,2304/36
topk,sparse,-,16384,256,8,sigmoid,0,float32,forward,0.0708879995346069,0.2890275192260742,4.077241862143019,769.1845214701098,188.65315021214428,trace-back,256/8
topk,sparse,-,16384,256,8,sigmoid,0,float32,backward_raw,0.0170019197463989,0.1100467205047607,6.472605573148237,3207.0467813817795,495.48002657326936,trace-back,256/8
topk,sparse,-,16384,384,6,sigmoid,0,float32,forward,0.0674614381790161,0.4263942337036133,6.32056246076656,1212.3804384804896,191.81527688493907,trace-back,384/6
topk,sparse,-,16384,384,6,sigmoid,0,float32,backward_raw,0.0237350392341613,0.1555004787445068,6.551515555141702,3445.915011687986,525.9721941717124,trace-back,384/6
topk,sparse,-,16384,512,10,sigmoid,0,float32,forward,0.1798646354675293,0.4452009582519531,2.475200069734245,606.2998638756143,244.94984114181565,trace-back,512/10
topk,sparse,-,16384,512,10,sigmoid,0,float32,backward_raw,0.0438499212265014,0.2044041633605957,4.661448815489787,2486.9350035249918,533.5111683005115,trace-back,512/10
topk,sparse,-,16384,512,22,sigmoid,0,float32,forward,0.6962521362304688,0.4505055999755859,0.6470437597716218,156.62702967119134,242.06559031876583,trace-back,512/22
topk,sparse,-,16384,512,22,sigmoid,0,float32,backward_raw,0.0448243188858032,0.2040281677246093,4.551729346839652,2432.8736433860004,534.494355442111,trace-back,512/22
topk,sparse,-,16384,896,16,sigmoid,0,float32,forward,0.6713382720947265,0.5842361450195312,0.8702559786984629,284.26925729190685,326.6501629980804,trace-back,896/16
topk,sparse,-,16384,896,16,sigmoid,0,float32,backward_raw,0.1093244838714599,0.3658102416992188,3.346096215092368,1745.6367068184306,521.6935182392067,trace-back,896/16
topk,sparse,-,16384,2304,16,sigmoid,0,float32,forward,2.2038502502441406,1.1059830474853516,0.5018412877022074,222.6710131260674,443.7080379448579,trace-back,2304/16
topk,sparse,-,16384,2304,16,sigmoid,0,float32,backward_raw,0.8927305603027343,0.934677734375,1.0469874964939487,549.6995284149197,525.0296973514016,trace-back,2304/16
topk,sparse,-,16384,2304,36,sigmoid,0,float32,forward,11.939794921875,1.191406707763672,0.0997845202165814,41.10066975278803,411.89424635784593,trace-back,2304/36
topk,sparse,-,16384,2304,36,sigmoid,0,float32,backward_raw,0.9135100555419922,0.9346918487548828,1.0231872578570833,537.1955842443838,525.0217691035967,trace-back,2304/36
topk,sparse,-,65536,256,8,sigmoid,0,float32,forward,0.2585536003112793,1.0702521514892578,4.139382125024575,843.5535522901993,203.7873109589251,trace-back,256/8
topk,sparse,-,65536,256,8,sigmoid,0,float32,backward_raw,0.0748095989227295,0.4327628707885742,5.784857518559525,2915.4521764684027,503.9799454203971,trace-back,256/8
topk,sparse,-,65536,384,6,sigmoid,0,float32,forward,0.2436166381835937,1.6556781005859376,6.79624393855312,1342.9120212776672,197.59620658400985,trace-back,384/6
topk,sparse,-,65536,384,6,sigmoid,0,float32,backward_raw,0.102965440750122,0.6469760131835938,6.283428774453401,3177.33512930757,505.6689975106732,trace-back,384/6
topk,sparse,-,65536,512,10,sigmoid,0,float32,forward,0.6538690948486328,2.081269073486328,3.1830057268085605,667.1176531152306,209.58732417491308,trace-back,512/10
topk,sparse,-,65536,512,10,sigmoid,0,float32,backward_raw,0.1537113571166992,0.8428102111816407,5.483070522510387,2837.835955535977,517.5632784377709,trace-back,512/10
topk,sparse,-,65536,512,22,sigmoid,0,float32,forward,2.5773001098632813,2.1209036254882814,0.8229168257788921,169.24983409213434,205.67064469965007,trace-back,512/22
topk,sparse,-,65536,512,22,sigmoid,0,float32,backward_raw,0.1563417625427246,0.8433219146728516,5.394092409840852,2790.090177477656,517.2492359210389,trace-back,512/22
topk,sparse,-,65536,896,16,sigmoid,0,float32,forward,2.469105224609375,2.658215637207032,1.0765906656033968,309.165976561719,287.17133302325334,trace-back,896/16
topk,sparse,-,65536,896,16,sigmoid,0,float32,backward_raw,0.4259056091308594,1.434053192138672,3.3670681047500817,1792.3298299775545,532.3117246868367,trace-back,896/16
topk,sparse,-,65536,2304,16,sigmoid,0,float32,forward,8.33141357421875,4.421552734375,0.5307085880428899,235.6063895416532,443.9468191206514,trace-back,2304/16
topk,sparse,-,65536,2304,16,sigmoid,0,float32,backward_raw,3.538319396972656,3.5814202880859374,1.012181175941934,554.7645793874525,548.0882203437438,trace-back,2304/16
topk,sparse,-,65536,2304,36,sigmoid,0,float32,forward,45.4916748046875,4.837861328125,0.1063460808795393,43.1493076574472,405.7442201967311,trace-back,2304/36
topk,sparse,-,65536,2304,36,sigmoid,0,float32,backward_raw,3.6190719604492183,3.5815921020507813,0.9896437929922274,542.386085010686,548.0619277879367,trace-back,2304/36
topk,sparse,-,262144,256,8,sigmoid,0,float32,forward,1.0044147491455078,4.157993469238281,4.139717654261487,868.5806662458865,209.81640266015643,trace-back,256/8
topk,sparse,-,262144,256,8,sigmoid,0,float32,backward_raw,0.2803865623474121,1.6661529541015625,5.9423423867122445,3111.4730488369005,523.6105303852079,trace-back,256/8
topk,sparse,-,262144,384,6,sigmoid,0,float32,forward,0.9419152069091796,6.43820556640625,6.835228393363255,1389.3212875224112,203.25894140880345,trace-back,384/6
topk,sparse,-,262144,384,6,sigmoid,0,float32,backward_raw,0.3817232131958007,2.447633209228516,6.412062784279846,3428.198240930022,534.6482647260996,trace-back,384/6
topk,sparse,-,262144,512,10,sigmoid,0,float32,forward,2.5439663696289063,7.284391479492188,2.863399283283284,685.8700982963552,239.53002373804824,trace-back,512/10
topk,sparse,-,262144,512,10,sigmoid,0,float32,backward_raw,0.5893670272827148,3.228905029296875,5.478598020971393,2960.5159149207343,540.3783784808169,trace-back,512/10
topk,sparse,-,262144,512,22,sigmoid,0,float32,forward,10.058385009765624,7.4629345703125,0.7419615140071475,173.47024023299514,233.799512451968,trace-back,512/22
topk,sparse,-,262144,512,22,sigmoid,0,float32,backward_raw,0.6784848022460938,3.2289773559570314,4.759100491665613,2571.6574022348277,540.3662744122443,trace-back,512/22
topk,sparse,-,262144,896,16,sigmoid,0,float32,forward,9.629337158203125,9.776448364257812,1.0152773969420483,317.09901334161896,312.3274627177766,trace-back,896/16
topk,sparse,-,262144,896,16,sigmoid,0,float32,backward_raw,1.667114562988281,5.570160522460937,3.3411984071907432,1831.5797724942931,548.1804877413052,trace-back,896/16
topk,sparse,-,262144,2304,16,sigmoid,0,float32,forward,32.721171875,16.629873046875,0.5082297513794347,239.9589207255432,472.1465441057867,trace-back,2304/16
topk,sparse,-,262144,2304,16,sigmoid,0,float32,backward_raw,14.147625732421876,14.197996826171876,1.003560392019317,554.9862030917532,553.0172449064435,trace-back,2304/16
topk,sparse,-,262144,2304,36,sigmoid,0,float32,forward,178.0685546875,18.213668212890624,0.1022845849726503,44.09390024970632,431.0903765361761,trace-back,2304/36
topk,sparse,-,262144,2304,36,sigmoid,0,float32,backward_raw,14.518187255859376,14.19799072265625,0.977945143731777,540.820761547288,553.0174826407441,trace-back,2304/36
aux_loss,sparse,-,4096,256,8,softmax,0,float32,forward,0.0220473599433898,0.0747200012207031,3.389067961540912,618.2820997616501,182.43425826153543,trace-back,256/8
aux_loss,sparse,-,4096,256,8,softmax,0,float32,backward_raw,0.0039436799287796,0.023444480895996,5.944823443937841,3190.6524432102847,536.7110517746179,trace-back,256/8
aux_loss,sparse,-,4096,384,6,softmax,0,float32,forward,0.0209856009483337,0.1058092784881591,5.041994210633289,974.3457931150411,193.2461150114372,trace-back,384/6
aux_loss,sparse,-,4096,384,6,softmax,0,float32,backward_raw,0.0047411200404167,0.0236671996116638,4.991900523485502,3980.993486581506,797.4905485099393,trace-back,384/6
aux_loss,sparse,-,4096,512,10,softmax,0,float32,forward,0.054144320487976,0.1415171241760253,2.6137021002498746,503.5242063118022,192.64789444201168,trace-back,512/10
aux_loss,sparse,-,4096,512,10,softmax,0,float32,backward_raw,0.0057164800167083,0.0236441588401794,4.136139507366645,4402.328692909665,1064.3569166535428,trace-back,512/10
aux_loss,sparse,-,4096,512,22,softmax,0,float32,forward,0.2077008056640625,0.1416339206695556,0.6819131982503519,131.2608100523954,192.489029966253,trace-back,512/22
aux_loss,sparse,-,4096,512,22,softmax,0,float32,backward_raw,0.0056921601295471,0.0239068794250488,4.199966072801067,4421.137745118608,1052.6603473656244,trace-back,512/22
aux_loss,sparse,-,4096,896,16,softmax,0,float32,forward,0.1991347122192382,0.16211519241333,0.8140981077917174,239.58760111834857,294.2981918582788,trace-back,896/16
aux_loss,sparse,-,4096,896,16,softmax,0,float32,backward_raw,0.0103292798995971,0.028491199016571,2.758294798234887,4263.626547840719,1545.747231430497,trace-back,896/16
aux_loss,sparse,-,4096,2304,16,softmax,0,float32,forward,0.840512924194336,0.255183048248291,0.3036039552787291,145.96252891363537,480.7662297404257,trace-back,2304/16
aux_loss,sparse,-,4096,2304,16,softmax,0,float32,backward_raw,0.0562649583816528,0.0742502403259277,1.319653341290654,2012.7306810010527,1525.1965179223143,trace-back,2304/16
aux_loss,sparse,-,4096,2304,36,softmax,0,float32,forward,3.907290344238281,0.2762396812438965,0.0706985293916643,31.398586025456197,444.11936564494096,trace-back,2304/36
aux_loss,sparse,-,4096,2304,36,softmax,0,float32,backward_raw,0.0562656021118164,0.0742742395401001,1.3200647776326146,2012.7076535135316,1524.7037021342944,trace-back,2304/36
aux_loss,sparse,-,16384,256,8,softmax,0,float32,forward,0.0689299201965332,0.2394700813293457,3.474109365665416,791.0346021660179,227.6942142305029,trace-back,256/8
aux_loss,sparse,-,16384,256,8,softmax,0,float32,backward_raw,0.0098067200183868,0.0310819196701049,3.169451112281047,5132.363104649879,1619.322375651388,trace-back,256/8
aux_loss,sparse,-,16384,384,6,softmax,0,float32,forward,0.0662329578399658,0.3585884857177734,5.414049099003043,1234.8675141101355,228.0857619738852,trace-back,384/6
aux_loss,sparse,-,16384,384,6,softmax,0,float32,backward_raw,0.0136816000938415,0.0507609605789184,3.7101625709530346,5518.175614121581,1487.3136981445318,trace-back,384/6
aux_loss,sparse,-,16384,512,10,softmax,0,float32,forward,0.1774720001220703,0.3835532760620117,2.1612044480154213,614.473854608,284.32009529327763,trace-back,512/10
aux_loss,sparse,-,16384,512,10,softmax,0,float32,backward_raw,0.0221961593627929,0.0669078397750854,3.01438815073755,4535.1672942455125,1504.5067414877756,trace-back,512/10
aux_loss,sparse,-,16384,512,22,softmax,0,float32,forward,0.6790745544433594,0.3862982559204101,0.5688598599266625,160.5890005544242,282.29975758023664,trace-back,512/22
aux_loss,sparse,-,16384,512,22,softmax,0,float32,backward_raw,0.0221974396705627,0.0669257593154907,3.0150215659441426,4534.905714080853,1504.1039060232276,trace-back,512/22
aux_loss,sparse,-,16384,896,16,softmax,0,float32,forward,0.657031021118164,0.4900016021728515,0.7457815330225132,290.4593936450957,389.4698122490619,trace-back,896/16
aux_loss,sparse,-,16384,896,16,softmax,0,float32,backward_raw,0.049780797958374,0.1184076786041259,2.3785813699317706,3538.7292937188968,1487.7478393015433,trace-back,896/16
aux_loss,sparse,-,16384,2304,16,softmax,0,float32,forward,2.218458557128906,0.9990908813476562,0.4503536377261263,221.2047488663027,491.180108998751,trace-back,2304/16
aux_loss,sparse,-,16384,2304,16,softmax,0,float32,backward_raw,0.1952054405212402,0.3129411125183105,1.603137247008541,2320.554339010397,1447.5082176155277,trace-back,2304/16
aux_loss,sparse,-,16384,2304,36,softmax,0,float32,forward,11.965859375,1.0736463928222657,0.0897258073302625,41.01114283736934,457.0718732729328,trace-back,2304/36
aux_loss,sparse,-,16384,2304,36,softmax,0,float32,backward_raw,0.1952409553527832,0.3130396842956543,1.6033505046624013,2320.132224212365,1447.0524177125503,trace-back,2304/36
aux_loss,sparse,-,65536,256,8,softmax,0,float32,forward,0.2494041633605957,0.9300105285644532,3.72892944541514,874.4994672950156,234.517568673831,trace-back,256/8
aux_loss,sparse,-,65536,256,8,softmax,0,float32,backward_raw,0.0453020811080932,0.1440767955780029,3.1803571062050717,4444.091465017328,1397.3561196466378,trace-back,256/8
aux_loss,sparse,-,65536,384,6,softmax,0,float32,forward,0.2356656074523925,1.439045104980469,6.106300874942789,1388.2200102791392,227.34222219145815,trace-back,384/6
aux_loss,sparse,-,65536,384,6,softmax,0,float32,backward_raw,0.0632086420059204,0.2173744010925292,3.4389981210507417,4777.667711508725,1389.2615067928475,trace-back,384/6
aux_loss,sparse,-,65536,512,10,softmax,0,float32,forward,0.6362307357788086,1.8885235595703125,2.968299790261744,685.6122967181697,230.9781171590194,trace-back,512/10
aux_loss,sparse,-,65536,512,10,softmax,0,float32,backward_raw,0.078413119316101,0.283887996673584,3.620414532027058,5135.023163366498,1418.3522682115115,trace-back,512/10
aux_loss,sparse,-,65536,512,22,softmax,0,float32,forward,2.4740838623046875,1.9045388793945317,0.7697956032987471,176.3107640149509,229.0358158184064,trace-back,512/22
aux_loss,sparse,-,65536,512,22,softmax,0,float32,backward_raw,0.0788687992095947,0.2835536003112793,3.595256973010739,5105.354563975859,1420.0249390520016,trace-back,512/22
aux_loss,sparse,-,65536,896,16,softmax,0,float32,forward,2.3886032104492188,2.3389013671875,0.9791920888976904,319.5856577017813,326.3768787813122,trace-back,896/16
aux_loss,sparse,-,65536,896,16,softmax,0,float32,backward_raw,0.1784608078002929,0.48200927734375,2.7009251122697133,3948.447172717792,1461.8869493200157,trace-back,896/16
aux_loss,sparse,-,65536,2304,16,softmax,0,float32,forward,8.405546875,4.0712191772460935,0.484349113483005,233.528442728481,482.1490041535403,trace-back,2304/16
aux_loss,sparse,-,65536,2304,16,softmax,0,float32,backward_raw,0.7735683441162109,1.1966438293457031,1.546914165306039,2342.313179929966,1514.184324161623,trace-back,2304/16
aux_loss,sparse,-,65536,2304,36,softmax,0,float32,forward,45.6408935546875,4.413847045898438,0.0967081645894971,43.00823492090458,444.7218609045491,trace-back,2304/36
aux_loss,sparse,-,65536,2304,36,softmax,0,float32,backward_raw,0.773543701171875,1.1968418884277343,1.5472194869075742,2342.387799493441,1513.933749745596,trace-back,2304/36
aux_loss,sparse,-,262144,256,8,softmax,0,float32,forward,0.9631212615966795,3.6361767578125,3.775409081702112,905.8207588042386,239.92651900806916,trace-back,256/8
aux_loss,sparse,-,262144,256,8,softmax,0,float32,backward_raw,0.1630089569091797,0.5651279830932617,3.4668523362683827,4940.258396038174,1424.998216496213,trace-back,256/8
aux_loss,sparse,-,262144,384,6,softmax,0,float32,forward,0.9074262237548828,5.609391479492188,6.1816501800893695,1442.1258871988362,233.29141009043428,trace-back,384/6
aux_loss,sparse,-,262144,384,6,softmax,0,float32,backward_raw,0.2353507232666015,0.8247586822509766,3.504381336940712,5132.59332809291,1464.6218075609347,trace-back,384/6
aux_loss,sparse,-,262144,512,10,softmax,0,float32,forward,2.468359680175781,6.547496337890625,2.652569797860396,706.8785307154847,266.48819242595,trace-back,512/10
aux_loss,sparse,-,262144,512,10,softmax,0,float32,backward_raw,0.2977436828613281,1.086063690185547,3.647646458015275,5409.393477376078,1482.9818458665509,trace-back,512/10
aux_loss,sparse,-,262144,512,22,softmax,0,float32,forward,9.64189453125,6.639913330078125,0.6886523502780226,180.9634463792248,262.7791022657024,trace-back,512/22
aux_loss,sparse,-,262144,512,22,softmax,0,float32,backward_raw,0.2937628746032715,1.0870336151123048,3.700377784566379,5482.696675593,1481.6586291433157,trace-back,512/22
aux_loss,sparse,-,262144,896,16,softmax,0,float32,forward,9.302542114257813,8.339544677734375,0.8964801852337254,328.2385905375301,366.1414897329309,trace-back,896/16
aux_loss,sparse,-,262144,896,16,softmax,0,float32,backward_raw,0.6713030242919922,1.867275848388672,2.781569247893743,4198.658707031274,1509.4568327610675,trace-back,896/16
aux_loss,sparse,-,262144,2304,16,softmax,0,float32,forward,32.97285400390625,15.250870361328126,0.4625280650416665,238.1273118508278,514.838622450675,trace-back,2304/16
aux_loss,sparse,-,262144,2304,16,softmax,0,float32,backward_raw,3.040052795410156,4.745827331542968,1.5611003002014223,2384.0892904697566,1527.1852104327618,trace-back,2304/16
aux_loss,sparse,-,262144,2304,36,softmax,0,float32,forward,178.4628125,16.691715087890625,0.0935304944154156,43.99648855696477,470.3972627531977,trace-back,2304/36
aux_loss,sparse,-,262144,2304,36,softmax,0,float32,backward_raw,3.0404351806640624,4.746021728515625,1.5609679031141344,2383.7894516195597,1527.1226569514297,trace-back,2304/36
aux_loss,sparse,-,4096,256,8,sigmoid,0,float32,forward,0.0217411208152771,0.0866448020935058,3.985296012550655,626.9910422659257,157.32609078256175,trace-back,256/8
aux_loss,sparse,-,4096,256,8,sigmoid,0,float32,backward_raw,0.0046150401234626,0.0566435194015502,12.27367864335067,2726.5011058146565,222.1421291074582,trace-back,256/8
aux_loss,sparse,-,4096,384,6,sigmoid,0,float32,forward,0.020563519001007,0.1272873592376709,6.189959959257807,994.3449853596856,160.6383549981655,trace-back,384/6
aux_loss,sparse,-,4096,384,6,sigmoid,0,float32,backward_raw,0.0055414402484893,0.0568723201751708,10.263093640804758,3406.0401544788347,331.8726568894247,trace-back,384/6
aux_loss,sparse,-,4096,512,10,sigmoid,0,float32,forward,0.0536431980133056,0.1530796813964843,2.8536643426537407,508.2280141694328,178.0966340620181,trace-back,512/10
aux_loss,sparse,-,4096,512,10,sigmoid,0,float32,backward_raw,0.0066281598806381,0.057201919555664,8.630135751969364,3796.804007928845,439.9471940012564,trace-back,512/10
aux_loss,sparse,-,4096,512,22,sigmoid,0,float32,forward,0.2072342491149902,0.1535603237152099,0.7409987700923044,131.55632390123077,177.539193330703,trace-back,512/22
aux_loss,sparse,-,4096,512,22,sigmoid,0,float32,backward_raw,0.0066323202848434,0.0567740821838378,8.560214185310269,3794.422301575268,443.2625422021187,trace-back,512/22
aux_loss,sparse,-,4096,896,16,sigmoid,0,float32,forward,0.1983420753479003,0.1767487907409668,0.8911310947560771,240.54506799081472,269.93230222390275,trace-back,896/16
aux_loss,sparse,-,4096,896,16,sigmoid,0,float32,backward_raw,0.012447680234909,0.059974398612976,4.818118515350362,3538.024046961852,734.3165253593965,trace-back,896/16
aux_loss,sparse,-,4096,2304,16,sigmoid,0,float32,forward,0.8426860809326172,0.2638054466247558,0.3130530485715359,145.58611418409083,465.0525361385288,trace-back,2304/16
aux_loss,sparse,-,4096,2304,16,sigmoid,0,float32,backward_raw,0.0651644802093505,0.1383343982696533,2.12284971544672,1737.8517811571537,818.6409845745721,trace-back,2304/16
aux_loss,sparse,-,4096,2304,36,sigmoid,0,float32,forward,3.912113037109375,0.2846566390991211,0.072762887063573,31.3598791334132,430.9872848505039,trace-back,2304/36
aux_loss,sparse,-,4096,2304,36,sigmoid,0,float32,backward_raw,0.0650348806381225,0.1384934425354003,2.1295255895990284,1741.314920375461,817.7008667471969,trace-back,2304/36
aux_loss,sparse,-,16384,256,8,sigmoid,0,float32,forward,0.0685990381240844,0.2711721611022949,3.953002381925367,794.8500954396977,201.0750357940727,trace-back,256/8
aux_loss,sparse,-,16384,256,8,sigmoid,0,float32,backward_raw,0.0119129598140716,0.0646534395217895,5.427151650878613,4224.949029085784,778.4836873688242,trace-back,256/8
aux_loss,sparse,-,16384,384,6,sigmoid,0,float32,forward,0.0653020811080932,0.4261065673828125,6.525160609774236,1252.470466670371,191.94477217836717,trace-back,384/6
aux_loss,sparse,-,16384,384,6,sigmoid,0,float32,backward_raw,0.0161862397193908,0.0916921615600585,5.664821672584818,4664.299634062332,823.3797820389367,trace-back,384/6
aux_loss,sparse,-,16384,512,10,sigmoid,0,float32,forward,0.1764652824401855,0.4257104110717773,2.412431528655364,617.9793696075266,256.1645220877936,trace-back,512/10
aux_loss,sparse,-,16384,512,10,sigmoid,0,float32,backward_raw,0.0246553611755371,0.1230585575103759,4.991148036090174,4082.815712303476,818.011343839394,trace-back,512/10
aux_loss,sparse,-,16384,512,22,sigmoid,0,float32,forward,0.6782041931152344,0.4140371322631836,0.610490375120453,160.79508960138628,263.38677259188654,trace-back,512/22
aux_loss,sparse,-,16384,512,22,sigmoid,0,float32,backward_raw,0.0251068806648254,0.1226716804504394,4.885978552576689,4009.3907858903617,820.5911554351694,trace-back,512/22
aux_loss,sparse,-,16384,896,16,sigmoid,0,float32,forward,0.6556607818603516,0.5354095840454102,0.8165954085682167,291.0664131206904,356.4389538156158,trace-back,896/16
aux_loss,sparse,-,16384,896,16,sigmoid,0,float32,backward_raw,0.0563443183898925,0.2197443199157714,3.900026235035451,3126.5045533251296,801.6624414570663,trace-back,896/16
aux_loss,sparse,-,16384,2304,16,sigmoid,0,float32,forward,2.224992370605469,1.040499496459961,0.4676418266444744,220.5551688550108,471.63268187019605,trace-back,2304/16
aux_loss,sparse,-,16384,2304,16,sigmoid,0,float32,backward_raw,0.2276844787597656,0.5667401504516602,2.4891470579759583,1989.5288184222395,799.281349025645,trace-back,2304/16
aux_loss,sparse,-,16384,2304,36,sigmoid,0,float32,forward,11.974742431640625,1.1163958740234374,0.0932292181144211,40.98072011163634,439.5694927028167,trace-back,2304/36
aux_loss,sparse,-,16384,2304,36,sigmoid,0,float32,backward_raw,0.227718391418457,0.5667846298217774,2.488971691268667,1989.2325304880253,799.2186240873167,trace-back,2304/36
aux_loss,sparse,-,65536,256,8,sigmoid,0,float32,forward,0.2487356758117676,1.0459059143066407,4.20488902885864,876.8497212480752,208.5310017054325,trace-back,256/8
aux_loss,sparse,-,65536,256,8,sigmoid,0,float32,backward_raw,0.0510534381866455,0.2667206382751464,5.224342331265652,3943.448260310561,754.8219489198785,trace-back,256/8
aux_loss,sparse,-,65536,384,6,sigmoid,0,float32,forward,0.2359379196166992,1.7084921264648438,7.241278253366103,1386.6177701807817,191.48798342836963,trace-back,384/6
aux_loss,sparse,-,65536,384,6,sigmoid,0,float32,backward_raw,0.0699440002441406,0.395722541809082,5.657705313219236,4317.59531833895,763.1354196286758,trace-back,384/6
aux_loss,sparse,-,65536,512,10,sigmoid,0,float32,forward,0.636638069152832,2.0143536376953124,3.1640483585529102,685.1736286842807,216.549670245131,trace-back,512/10
aux_loss,sparse,-,65536,512,10,sigmoid,0,float32,backward_raw,0.0863433647155761,0.5145148849487304,5.958939481262918,4663.394637519404,782.5880179154057,trace-back,512/10
aux_loss,sparse,-,65536,512,22,sigmoid,0,float32,forward,2.474272308349609,2.03527587890625,0.8225755394982458,176.2973357976752,214.32358164359343,trace-back,512/22
aux_loss,sparse,-,65536,512,22,sigmoid,0,float32,backward_raw,0.0870652770996093,0.5142879867553711,5.906924136553154,4624.727531037818,782.9332871263977,trace-back,512/22
aux_loss,sparse,-,65536,896,16,sigmoid,0,float32,forward,2.389847717285156,2.548371124267578,1.0663320117996902,319.4192343214125,299.54951252219854,trace-back,896/16
aux_loss,sparse,-,65536,896,16,sigmoid,0,float32,backward_raw,0.201529598236084,0.8687449645996094,4.310756197617726,3496.47435497062,811.1046402723712,trace-back,896/16
aux_loss,sparse,-,65536,2304,16,sigmoid,0,float32,forward,8.423326416015625,4.213302001953125,0.5001945542490431,233.0355224353873,465.8897632047403,trace-back,2304/16
aux_loss,sparse,-,65536,2304,16,sigmoid,0,float32,backward_raw,0.9017711639404296,2.151773376464844,2.386163433151194,2009.311675128808,842.0679184054418,trace-back,2304/16
aux_loss,sparse,-,65536,2304,36,sigmoid,0,float32,forward,45.667626953125,4.556367492675781,0.0997723726120608,42.9830583055001,430.8112273988777,trace-back,2304/36
aux_loss,sparse,-,65536,2304,36,sigmoid,0,float32,backward_raw,0.901611557006836,2.1517648315429687,2.3865763640900783,2009.6673716287137,842.071262360353,trace-back,2304/36
aux_loss,sparse,-,262144,256,8,sigmoid,0,float32,forward,0.9628598022460938,4.106207580566406,4.264595500806789,906.0667295123226,212.46252530654087,trace-back,256/8
aux_loss,sparse,-,262144,256,8,sigmoid,0,float32,backward_raw,0.190086727142334,1.0219808197021485,5.376392318738305,4236.520771894816,787.9857943270431,trace-back,256/8
aux_loss,sparse,-,262144,384,6,sigmoid,0,float32,forward,0.911247329711914,6.66405029296875,7.31310817127503,1436.0786641906695,196.37049398932805,trace-back,384/6
aux_loss,sparse,-,262144,384,6,sigmoid,0,float32,backward_raw,0.2655715179443359,1.4890821838378907,5.607085410981474,4548.528250884154,811.2108016003936,trace-back,384/6
aux_loss,sparse,-,262144,512,10,sigmoid,0,float32,forward,2.4735752868652345,7.028968505859375,2.841623031723929,705.3880564157907,248.2342128216256,trace-back,512/10
aux_loss,sparse,-,262144,512,10,sigmoid,0,float32,backward_raw,0.3256022262573242,1.9533001708984372,5.99903813112979,4946.565490394188,824.559768127796,trace-back,512/10
aux_loss,sparse,-,262144,512,22,sigmoid,0,float32,forward,9.645769653320311,7.118448486328125,0.7379865725777288,180.89074555075925,245.1138710002841,trace-back,512/22
aux_loss,sparse,-,262144,512,22,sigmoid,0,float32,backward_raw,0.3253996658325195,1.953490905761719,6.003358672061956,4949.644714229573,824.4792597956728,trace-back,512/22
aux_loss,sparse,-,262144,896,16,sigmoid,0,float32,forward,9.313544311523437,9.129309692382812,0.9802186350353564,327.85083850645685,334.4670533575719,trace-back,896/16
aux_loss,sparse,-,262144,896,16,sigmoid,0,float32,backward_raw,0.7715756988525391,3.35485595703125,4.348058086874012,3653.008113386261,840.1470358489508,trace-back,896/16
aux_loss,sparse,-,262144,2304,16,sigmoid,0,float32,forward,33.1004296875,15.789775390625,0.4770262966280413,237.20952151159292,497.2671804224574,trace-back,2304/16
aux_loss,sparse,-,262144,2304,16,sigmoid,0,float32,backward_raw,3.53224365234375,8.5011279296875,2.406721836430153,2051.8848713029447,852.5641975918865,trace-back,2304/16
aux_loss,sparse,-,262144,2304,36,sigmoid,0,float32,forward,178.63408203125,17.088299560546876,0.0956609140105608,43.95430591249898,459.4803046482128,trace-back,2304/36
aux_loss,sparse,-,262144,2304,36,sigmoid,0,float32,backward_raw,3.533125305175781,8.501565551757812,2.406245127876901,2051.372845843464,852.520311450334,trace-back,2304/36
topk,sparse,-,4096,256,8,softmax,0,float32,forward,0.022169280052185,0.0848262405395507,3.826296584276768,614.8818530828405,160.69895250920888,trace-back-2821,256/8
topk,sparse,-,4096,256,8,softmax,0,float32,backward_raw,0.0055001598596572,0.0512499189376831,9.317896251269406,2478.38032854001,265.98067436116514,trace-back-2821,256/8
topk,sparse,-,4096,384,6,softmax,0,float32,forward,0.0206809592247009,0.1293568038940429,6.254874471177419,988.6984340445018,158.06846941540442,trace-back-2821,384/6
topk,sparse,-,4096,384,6,softmax,0,float32,backward_raw,0.0069350397586822,0.0516976022720336,7.454550236328697,2948.394344012419,395.5160607334613,trace-back-2821,384/6
topk,sparse,-,4096,512,10,softmax,0,float32,forward,0.0535920000076294,0.1502707195281982,2.803976703739468,508.7135392618081,181.4257367343218,trace-back-2821,512/10
topk,sparse,-,4096,512,10,softmax,0,float32,backward_raw,0.0085500800609588,0.0516438388824462,6.040158514802797,3188.622305946285,527.9037459251828,trace-back-2821,512/10
topk,sparse,-,4096,512,22,softmax,0,float32,forward,0.0589427185058593,0.150476484298706,2.5529274541985623,462.5334000719672,181.17765129255105,trace-back-2821,512/22
topk,sparse,-,4096,512,22,softmax,0,float32,backward_raw,0.0085849601030349,0.0517062377929687,6.02288620708784,3175.6671752454545,527.2666734942248,trace-back-2821,512/22
topk,sparse,-,4096,896,16,softmax,0,float32,forward,0.1020364761352539,0.1735913658142089,1.701267746488088,467.5799263859131,274.84205666693805,trace-back-2821,896/16
topk,sparse,-,4096,896,16,softmax,0,float32,backward_raw,0.0198096001148223,0.0693292808532714,3.499781946703526,2408.438722814056,688.1682229038823,trace-back-2821,896/16
topk,sparse,-,4096,2304,16,softmax,0,float32,forward,0.210773754119873,0.2539017677307129,1.2046175710582625,582.0619958698769,483.1923507130422,trace-back-2821,2304/16
topk,sparse,-,4096,2304,16,softmax,0,float32,backward_raw,0.2279043197631836,0.172718391418457,0.7578548383722146,538.3109549107313,710.3087922047995,trace-back-2821,2304/16
topk,sparse,-,4096,2304,36,softmax,0,float32,forward,0.1957353591918945,0.2758172798156738,1.4091336432742785,626.7819596137658,444.7995139462914,trace-back-2821,2304/36
topk,sparse,-,4096,2304,36,softmax,0,float32,backward_raw,0.2279270362854004,0.1731107139587402,0.7595005699191317,538.2573037381188,708.699012293605,trace-back-2821,2304/36
topk,sparse,-,16384,256,8,softmax,0,float32,forward,0.0711676788330078,0.2502457618713379,3.5162838801941234,766.1617309164042,217.8896121646773,trace-back-2821,256/8
topk,sparse,-,16384,256,8,softmax,0,float32,backward_raw,0.0157142400741577,0.0796633577346801,5.069501125013844,3469.8433868061284,684.4546043564893,trace-back-2821,256/8
topk,sparse,-,16384,384,6,softmax,0,float32,forward,0.066274881362915,0.4241859054565429,6.400402335445018,1234.086373570878,192.8138746429403,trace-back-2821,384/6
topk,sparse,-,16384,384,6,softmax,0,float32,backward_raw,0.0233071994781494,0.114429759979248,4.909631467586931,3509.1701204461488,714.7522463984238,trace-back-2821,384/6
topk,sparse,-,16384,512,10,softmax,0,float32,forward,0.1787996864318847,0.4017718505859375,2.247050084950769,609.9110472519997,271.42743783806776,trace-back-2821,512/10
topk,sparse,-,16384,512,10,softmax,0,float32,backward_raw,0.0429587221145629,0.150827522277832,3.510987172188289,2538.527652409648,723.0239040797925,trace-back-2821,512/10
topk,sparse,-,16384,512,22,softmax,0,float32,forward,0.2107510375976562,0.4061103820800781,1.926967414772028,517.4442092578944,268.5277422395392,trace-back-2821,512/22
topk,sparse,-,16384,512,22,softmax,0,float32,backward_raw,0.0432111978530883,0.1510159969329834,3.494834775152849,2523.695463633297,722.1215382128962,trace-back-2821,512/22
topk,sparse,-,16384,896,16,softmax,0,float32,forward,0.3537446212768554,0.5147900772094727,1.4552590944035195,539.4875865847863,370.7158324311391,trace-back-2821,896/16
topk,sparse,-,16384,896,16,softmax,0,float32,backward_raw,0.1044332790374755,0.2787350463867187,2.669025132177411,1827.3948090006568,684.6675166036574,trace-back-2821,896/16
topk,sparse,-,16384,2304,16,softmax,0,float32,forward,0.8338607788085938,0.9482070159912108,1.1371286911299427,588.5077946718537,517.5384274994108,trace-back-2821,2304/16
topk,sparse,-,16384,2304,16,softmax,0,float32,backward_raw,0.8941744232177734,0.7313996887207032,0.8179608695232977,548.8119043195708,670.9512945764933,trace-back-2821,2304/16
topk,sparse,-,16384,2304,36,softmax,0,float32,forward,0.8299465942382812,1.0297030639648437,1.2406859322194068,591.2833083559932,476.5777486476963,trace-back-2821,2304/36
topk,sparse,-,16384,2304,36,softmax,0,float32,backward_raw,0.8946630096435547,0.7318803405761719,0.8180514145407246,548.5121914177658,670.5106569930142,trace-back-2821,2304/36
topk,sparse,-,65536,256,8,softmax,0,float32,forward,0.2597267150878906,0.9580086517333984,3.688525654394896,839.7434508275146,227.6637143154898,trace-back-2821,256/8
topk,sparse,-,65536,256,8,softmax,0,float32,backward_raw,0.0697420787811279,0.3273408126831054,4.693591278091975,3127.2914689634754,666.2896881457417,trace-back-2821,256/8
topk,sparse,-,65536,384,6,softmax,0,float32,forward,0.238143367767334,1.6777398681640625,7.04508332057861,1373.776288910263,194.99787673163175,trace-back-2821,384/6
topk,sparse,-,65536,384,6,softmax,0,float32,backward_raw,0.1003759956359863,0.5027145767211914,5.008314722419157,3259.302285642382,650.7782490290562,trace-back-2821,384/6
topk,sparse,-,65536,512,10,softmax,0,float32,forward,0.6495779418945312,1.9363113403320316,2.9808760665189284,671.5246745106145,225.2776229287593,trace-back-2821,512/10
topk,sparse,-,65536,512,10,softmax,0,float32,backward_raw,0.1500384044647217,0.6576102447509765,4.382946133672059,2907.30641635532,663.322415491235,trace-back-2821,512/10
topk,sparse,-,65536,512,22,softmax,0,float32,forward,0.78723388671875,1.9611631774902345,2.491207772653829,554.1016759557266,222.4229074901505,trace-back-2821,512/22
topk,sparse,-,65536,512,22,softmax,0,float32,backward_raw,0.1493443202972412,0.6583411407470703,4.408210097556898,2920.818248272264,662.5859892410821,trace-back-2821,512/22
topk,sparse,-,65536,896,16,softmax,0,float32,forward,1.3374172973632812,2.4111363220214845,1.802830221184548,570.774229931803,316.59899153275586,trace-back-2821,896/16
topk,sparse,-,65536,896,16,softmax,0,float32,backward_raw,0.4085033416748047,1.1232572937011718,2.749689363851907,1868.683190865271,679.5979267445408,trace-back-2821,896/16
topk,sparse,-,65536,2304,16,softmax,0,float32,forward,3.400448913574219,3.827374267578125,1.1255497038345927,577.2573921531895,512.8670819125562,trace-back-2821,2304/16
topk,sparse,-,65536,2304,16,softmax,0,float32,backward_raw,3.5500323486328127,2.814394226074219,0.7927798818954699,552.9341930520618,697.4624428284466,trace-back-2821,2304/16
topk,sparse,-,65536,2304,36,softmax,0,float32,forward,3.586785888671875,4.217278137207031,1.1757819585848257,547.2683156804882,465.4505128988217,trace-back-2821,2304/36
topk,sparse,-,65536,2304,36,softmax,0,float32,backward_raw,3.552568054199219,2.81451904296875,0.7922491561117098,552.5395269148372,697.4315121099696,trace-back-2821,2304/36
topk,sparse,-,262144,256,8,softmax,0,float32,forward,1.0083206176757813,3.722283325195313,3.691567205850974,865.2160996280642,234.3763641243573,trace-back-2821,256/8
topk,sparse,-,262144,256,8,softmax,0,float32,backward_raw,0.2608320045471191,1.294085693359375,4.9613761762337685,3344.7399735886274,674.1556888209298,trace-back-2821,256/8
topk,sparse,-,262144,384,6,softmax,0,float32,forward,0.9191741180419922,6.529783935546875,7.103968451000884,1423.6941862414535,200.40829235958503,trace-back-2821,384/6
topk,sparse,-,262144,384,6,softmax,0,float32,backward_raw,0.3650860977172852,1.9090861511230468,5.229139545602205,3584.4225682166875,685.470819234734,trace-back-2821,384/6
topk,sparse,-,262144,512,10,softmax,0,float32,forward,2.525961608886719,6.726356811523438,2.6628895656446585,690.7589006346809,259.4020080841975,trace-back-2821,512/10
topk,sparse,-,262144,512,10,softmax,0,float32,backward_raw,0.5536380767822265,2.524893798828125,4.560549399894855,3151.572366808739,691.0510314571746,trace-back-2821,512/10
topk,sparse,-,262144,512,22,softmax,0,float32,forward,3.081273498535156,6.864052124023438,2.2276672704602896,566.2692600411797,254.19831208642523,trace-back-2821,512/22
topk,sparse,-,262144,512,22,softmax,0,float32,backward_raw,0.5599385452270508,2.525139465332032,4.509672511129068,3116.1106497722617,690.9838002831149,trace-back-2821,512/22
topk,sparse,-,262144,896,16,softmax,0,float32,forward,5.2735302734375,8.598876342773437,1.630573050103748,579.015034270323,355.0991071718512,trace-back-2821,896/16
topk,sparse,-,262144,896,16,softmax,0,float32,backward_raw,1.5934291076660156,4.36720703125,2.7407601695232566,1916.278105696565,699.1775956923269,trace-back-2821,896/16
topk,sparse,-,262144,2304,16,softmax,0,float32,forward,13.679991455078126,14.33873779296875,1.0481540021464044,573.9577479842189,547.5891393906537,trace-back-2821,2304/16
topk,sparse,-,262144,2304,16,softmax,0,float32,backward_raw,14.160322265625,11.158538818359377,0.788014468106236,554.488587244977,703.6528004080045,trace-back-2821,2304/16
topk,sparse,-,262144,2304,36,softmax,0,float32,forward,14.599996337890625,15.747919921875,1.0786249227340714,537.7903464004842,498.588837570438,trace-back-2821,2304/36
topk,sparse,-,262144,2304,36,softmax,0,float32,backward_raw,14.169327392578126,11.15845458984375,0.7875077116002368,554.136189422282,703.6581118631362,trace-back-2821,2304/36
topk,sparse,-,4096,256,8,sigmoid,0,float32,forward,0.0223408007621765,0.1042294406890869,4.665429936851223,610.1611193399308,130.78347067660366,trace-back-2821,256/8
topk,sparse,-,4096,256,8,sigmoid,0,float32,backward_raw,0.0059404802322387,0.0797743988037109,13.42894777610372,2294.677781439691,170.87547138451,trace-back-2821,256/8
topk,sparse,-,4096,384,6,sigmoid,0,float32,forward,0.0211881589889526,0.1395232009887695,6.584961018157169,965.031082250282,146.5507661456666,trace-back-2821,384/6
topk,sparse,-,4096,384,6,sigmoid,0,float32,backward_raw,0.0073004800081253,0.0799049615859985,10.945165454472273,2800.806519193614,255.8943974710939,trace-back-2821,384/6
topk,sparse,-,4096,512,10,sigmoid,0,float32,forward,0.0547734403610229,0.1751840019226074,3.198338478794354,497.7407995609578,155.62480421039936,trace-back-2821,512/10
topk,sparse,-,4096,512,10,sigmoid,0,float32,backward_raw,0.0090633600950241,0.080325117111206,8.862620073465413,3008.0429017674905,339.4078587181615,trace-back-2821,512/10
topk,sparse,-,4096,512,22,sigmoid,0,float32,forward,0.0624803209304809,0.1745759963989258,2.7940957056409594,436.3450058192609,156.16680736394613,trace-back-2821,512/22
topk,sparse,-,4096,512,22,sigmoid,0,float32,backward_raw,0.0094143998622894,0.0804751968383789,8.54809632218114,2895.880395860951,338.7748905386733,trace-back-2821,512/22
topk,sparse,-,4096,896,16,sigmoid,0,float32,forward,0.0928214359283447,0.1998905563354492,2.1534956266972483,513.999891542626,238.68165097271745,trace-back-2821,896/16
topk,sparse,-,4096,896,16,sigmoid,0,float32,backward_raw,0.0202825593948364,0.0956211185455322,4.714450315864754,2352.2774947300863,498.95053232703685,trace-back-2821,896/16
topk,sparse,-,4096,2304,16,sigmoid,0,float32,forward,0.2269148826599121,0.3237177658081054,1.4266043814026792,540.658199946591,378.9825735814719,trace-back-2821,2304/16
topk,sparse,-,4096,2304,16,sigmoid,0,float32,backward_raw,0.2265795135498046,0.2336678314208984,1.0312840192833042,541.4584490800968,525.0332972835029,trace-back-2821,2304/16
topk,sparse,-,4096,2304,36,sigmoid,0,float32,forward,0.2132915115356445,0.3167705535888672,1.485153118885041,575.1911602890843,387.29418063027833,trace-back-2821,2304/36
topk,sparse,-,4096,2304,36,sigmoid,0,float32,backward_raw,0.2315212821960449,0.2343411254882812,1.0121796288681943,529.9011427213658,523.5248048944574,trace-back-2821,2304/36
topk,sparse,-,16384,256,8,sigmoid,0,float32,forward,0.0720864009857177,0.2872438430786133,3.984716106655455,756.3972018911451,189.82461526626096,trace-back-2821,256/8
topk,sparse,-,16384,256,8,sigmoid,0,float32,backward_raw,0.0170223999023437,0.1098768043518066,6.454836273507951,3203.1882879506625,496.2462488935997,trace-back-2821,256/8
topk,sparse,-,16384,384,6,sigmoid,0,float32,forward,0.0686188793182373,0.4228543853759766,6.162362160053402,1191.9303960165726,193.4210234742587,trace-back-2821,384/6
topk,sparse,-,16384,384,6,sigmoid,0,float32,backward_raw,0.0237334394454956,0.1550371170043945,6.532433588500347,3446.147288842402,527.5441751002224,trace-back-2821,384/6
topk,sparse,-,16384,512,10,sigmoid,0,float32,forward,0.1827462387084961,0.4447868728637695,2.433904391177441,596.7395267376852,245.17788328119272,trace-back-2821,512/10
topk,sparse,-,16384,512,10,sigmoid,0,float32,backward_raw,0.043795199394226,0.204036808013916,4.658885239390326,2490.0424135156995,534.471721360012,trace-back-2821,512/10
topk,sparse,-,16384,512,22,sigmoid,0,float32,forward,0.2291929626464843,0.4503212738037109,1.9648128310916029,475.80825667935386,242.1646729653156,trace-back-2821,512/22
topk,sparse,-,16384,512,22,sigmoid,0,float32,backward_raw,0.0448611211776733,0.2038198471069336,4.5433516095084014,2430.8778099436663,535.0406525562065,trace-back-2821,512/22
topk,sparse,-,16384,896,16,sigmoid,0,float32,forward,0.3693110275268554,0.5834659194946289,1.5798767867883408,516.7482630507764,327.0813694916362,trace-back-2821,896/16
topk,sparse,-,16384,896,16,sigmoid,0,float32,backward_raw,0.1094336032867431,0.3653126525878906,3.3382127757475093,1743.8960819004535,522.4041123352156,trace-back-2821,896/16
topk,sparse,-,16384,2304,16,sigmoid,0,float32,forward,0.8287606048583984,1.1057820892333985,1.3342599572796197,592.1294582816789,443.7886748013879,trace-back-2821,2304/16
topk,sparse,-,16384,2304,16,sigmoid,0,float32,backward_raw,0.8927120208740235,0.9343574523925782,1.04665046570985,549.7109443194679,525.2096686802196,trace-back-2821,2304/16
topk,sparse,-,16384,2304,36,sigmoid,0,float32,forward,0.80633056640625,1.1912489318847657,1.4773704253753712,608.6009738997737,411.948800007378,trace-back-2821,2304/36
topk,sparse,-,16384,2304,36,sigmoid,0,float32,backward_raw,0.913674545288086,0.9345833587646484,1.0228843121266664,537.0988723837867,525.0827156270594,trace-back-2821,2304/36
topk,sparse,-,65536,256,8,sigmoid,0,float32,forward,0.2630137634277343,1.0781350708007813,4.099158373881106,829.2486490347726,202.29729456625884,trace-back-2821,256/8
topk,sparse,-,65536,256,8,sigmoid,0,float32,backward_raw,0.0748249578475952,0.432308464050293,5.77759716124166,2914.853736960837,504.5096872649403,trace-back-2821,256/8
topk,sparse,-,65536,384,6,sigmoid,0,float32,forward,0.2474361610412597,1.655490570068359,6.69057652326051,1322.182297944103,197.61858987000505,trace-back-2821,384/6
topk,sparse,-,65536,384,6,sigmoid,0,float32,backward_raw,0.1029788780212402,0.6468780517578125,6.281657599963253,3176.9205325049425,505.7455746272332,trace-back-2821,384/6
topk,sparse,-,65536,512,10,sigmoid,0,float32,forward,0.6653449249267578,2.0817161560058595,3.128777387510723,655.6112471257196,209.54231187643825,trace-back-2821,512/10
topk,sparse,-,65536,512,10,sigmoid,0,float32,backward_raw,0.1537692832946777,0.8425449371337891,5.4792798605893696,2836.7669189435446,517.7262324831155,trace-back-2821,512/10
topk,sparse,-,65536,512,22,sigmoid,0,float32,forward,0.8612371063232422,2.121057891845703,2.4628036533409894,506.4895750512184,205.6556860974788,trace-back-2821,512/22
topk,sparse,-,65536,512,22,sigmoid,0,float32,backward_raw,0.1562332820892334,0.8428752136230468,5.394978600920863,2792.0274743435134,517.5233640161141,trace-back-2821,512/22
topk,sparse,-,65536,896,16,sigmoid,0,float32,forward,1.4257878112792968,2.6589404296875,1.8648921029151944,535.3975689517697,287.0930538634581,trace-back-2821,896/16
topk,sparse,-,65536,896,16,sigmoid,0,float32,backward_raw,0.4260140609741211,1.4337210083007812,3.365431190281475,1791.8735504985402,532.4350578532177,trace-back-2821,896/16
topk,sparse,-,65536,2304,16,sigmoid,0,float32,forward,3.4411163330078125,4.416266784667969,1.2833820066779889,570.4353128579752,444.4781911307427,trace-back-2821,2304/16
topk,sparse,-,65536,2304,16,sigmoid,0,float32,backward_raw,3.537924499511719,3.581123352050781,1.0122102245384332,554.8265013204525,548.1336661793283,trace-back-2821,2304/16
topk,sparse,-,65536,2304,36,sigmoid,0,float32,forward,3.3741253662109374,4.837920837402344,1.433829603917537,581.7609184463494,405.7392293037128,trace-back-2821,2304/36
topk,sparse,-,65536,2304,36,sigmoid,0,float32,backward_raw,3.6205438232421874,3.5811370849609374,0.989115795801648,542.1655883292686,548.1315642016009,trace-back-2821,2304/36
topk,sparse,-,262144,256,8,sigmoid,0,float32,forward,1.022927017211914,4.174025268554687,4.080472211919277,852.8616580856878,209.01052961332107,trace-back-2821,256/8
topk,sparse,-,262144,256,8,sigmoid,0,float32,backward_raw,0.2804198455810547,1.665602874755859,5.939675458078165,3111.103745857496,523.7834571628467,trace-back-2821,256/8
topk,sparse,-,262144,384,6,sigmoid,0,float32,forward,0.9571987152099608,6.402161865234375,6.688435497774425,1367.1381158435363,204.40327432303883,trace-back-2821,384/6
topk,sparse,-,262144,384,6,sigmoid,0,float32,backward_raw,0.3818511962890625,2.4475074768066407,6.409584415584416,3427.049229431688,534.6757304731145,trace-back-2821,384/6
topk,sparse,-,262144,512,10,sigmoid,0,float32,forward,2.589913940429688,7.285883178710938,2.8131757835560167,673.7021013565102,239.4809827720441,trace-back-2821,512/10
topk,sparse,-,262144,512,10,sigmoid,0,float32,backward_raw,0.5897299194335938,3.229086608886719,5.475534651503007,2958.694152190587,540.3479916574796,trace-back-2821,512/10
topk,sparse,-,262144,512,22,sigmoid,0,float32,forward,3.3728546142578124,7.461957397460938,2.212356668418962,517.3156461070722,233.8301294233748,trace-back-2821,512/22
topk,sparse,-,262144,512,22,sigmoid,0,float32,backward_raw,0.5965785598754882,3.2284500122070314,5.411609181665598,2924.728747148009,540.4545392998666,trace-back-2821,512/22
topk,sparse,-,262144,896,16,sigmoid,0,float32,forward,5.704134521484375,9.578109130859374,1.6791520422219783,535.3052773386219,318.7950012139855,trace-back-2821,896/16
topk,sparse,-,262144,896,16,sigmoid,0,float32,backward_raw,1.6603890991210937,5.569552001953125,3.3543655549782265,1838.998650145504,548.2403810807796,trace-back-2821,896/16
topk,sparse,-,262144,2304,16,sigmoid,0,float32,forward,14.239056396484376,16.6367529296875,1.1683887236934545,551.422571086845,471.9512948941464,trace-back-2821,2304/16
topk,sparse,-,262144,2304,16,sigmoid,0,float32,backward_raw,14.135205078125,14.1981884765625,1.0044557824304203,555.4738714156323,553.0097801533743,trace-back-2821,2304/16
topk,sparse,-,262144,2304,36,sigmoid,0,float32,forward,13.674359130859376,18.2139697265625,1.3319797697471931,574.1941551235645,431.0832402751472,trace-back-2821,2304/36
topk,sparse,-,262144,2304,36,sigmoid,0,float32,backward_raw,14.46880615234375,14.1977978515625,0.9812694773896496,542.6665479741827,553.0249951499272,trace-back-2821,2304/36
aux_loss,sparse,-,4096,256,8,softmax,0,float32,forward,0.0228995203971862,0.0744550418853759,3.251379967526501,595.2739517494408,183.08347769095025,trace-back-2821,256/8
aux_loss,sparse,-,4096,256,8,softmax,0,float32,backward_raw,0.0039363199472427,0.0233712005615234,5.937322391157303,3196.618203968383,538.3939077873281,trace-back-2821,256/8
aux_loss,sparse,-,4096,384,6,softmax,0,float32,forward,0.0219446396827697,0.1049849605560302,4.784082221156773,931.7643076206216,194.7634393698453,trace-back-2821,384/6
aux_loss,sparse,-,4096,384,6,softmax,0,float32,backward_raw,0.004771200120449,0.0232502388954162,4.873037874845616,3955.895272366723,811.7924329681207,trace-back-2821,384/6
aux_loss,sparse,-,4096,512,10,softmax,0,float32,forward,0.0555305576324462,0.141720962524414,2.552125686589667,490.9544791617642,192.37080749648052,trace-back-2821,512/10
aux_loss,sparse,-,4096,512,10,softmax,0,float32,backward_raw,0.0057001602649688,0.0235391998291015,4.129568070877759,4414.93270893804,1069.1027810081905,trace-back-2821,512/10
aux_loss,sparse,-,4096,512,22,softmax,0,float32,forward,0.0574835205078125,0.1418505573272705,2.4676734492625902,474.27464009088885,192.1950573454585,trace-back-2821,512/22
aux_loss,sparse,-,4096,512,22,softmax,0,float32,backward_raw,0.0057164800167083,0.0237577605247497,4.156012171005505,4402.328692909665,1059.267516977595,trace-back-2821,512/22
aux_loss,sparse,-,4096,896,16,softmax,0,float32,forward,0.086020164489746,0.1619843292236328,1.8830971805795829,554.6398136182038,294.5359481912111,trace-back-2821,896/16
aux_loss,sparse,-,4096,896,16,softmax,0,float32,backward_raw,0.0103193604946136,0.0285097599029541,2.7627448346082315,4267.724925685799,1544.7408939924703,trace-back-2821,896/16
aux_loss,sparse,-,4096,2304,16,softmax,0,float32,forward,0.2092831993103027,0.2554614448547363,1.2206495585723791,586.2075522751264,480.2423006327305,trace-back-2821,2304/16
aux_loss,sparse,-,4096,2304,16,softmax,0,float32,backward_raw,0.0563254404067993,0.0741734409332275,1.3168728091165305,2010.5694191133125,1526.775710755371,trace-back-2821,2304/16
aux_loss,sparse,-,4096,2304,36,softmax,0,float32,forward,0.2043363189697265,0.2763711929321289,1.3525309368672471,600.3993446616613,443.90803071190027,trace-back-2821,2304/36
aux_loss,sparse,-,4096,2304,36,softmax,0,float32,backward_raw,0.056275200843811,0.0742771196365356,1.3198907959953448,2012.3643505832897,1524.6445817252195,trace-back-2821,2304/36
aux_loss,sparse,-,16384,256,8,softmax,0,float32,forward,0.0710499191284179,0.2390572738647461,3.364638226155699,767.4315842843957,228.08739980382157,trace-back-2821,256/8
aux_loss,sparse,-,16384,256,8,softmax,0,float32,backward_raw,0.0098159998655319,0.0310697603225708,3.165216050141741,5127.51107268608,1619.9561077217672,trace-back-2821,256/8
aux_loss,sparse,-,16384,384,6,softmax,0,float32,forward,0.0686102390289306,0.3588451385498047,5.230198052487349,1192.0804993189474,227.92263072179915,trace-back-2821,384/6
aux_loss,sparse,-,16384,384,6,softmax,0,float32,backward_raw,0.0136883199214935,0.0507843208312988,3.710047772302341,5515.466648427258,1486.629549517776,trace-back-2821,384/6
aux_loss,sparse,-,16384,512,10,softmax,0,float32,forward,0.180445442199707,0.3832950210571289,2.1241601693265224,604.3483430260732,284.51166336373086,trace-back-2821,512/10
aux_loss,sparse,-,16384,512,10,softmax,0,float32,backward_raw,0.0221644806861877,0.0669212818145752,3.019302945197294,4541.649201044914,1504.2045410743451,trace-back-2821,512/10
aux_loss,sparse,-,16384,512,22,softmax,0,float32,forward,0.2072316741943359,0.3860268783569336,1.8627793258810843,526.2318341246148,282.4982147983149,trace-back-2821,512/22
aux_loss,sparse,-,16384,512,22,softmax,0,float32,backward_raw,0.0221683192253112,0.0669347190856933,3.019386287493949,4540.862795094766,1503.9025691752818,trace-back-2821,512/22
aux_loss,sparse,-,16384,896,16,softmax,0,float32,forward,0.3410934448242187,0.4899776077270508,1.4364908360509798,559.4972137278953,389.4888847784054,trace-back-2821,896/16
aux_loss,sparse,-,16384,896,16,softmax,0,float32,backward_raw,0.0497651195526123,0.1183516788482666,2.378205456195955,3539.8441636166604,1488.4517880464364,trace-back-2821,896/16
aux_loss,sparse,-,16384,2304,16,softmax,0,float32,forward,0.7973827362060547,0.9988095855712892,1.2526099954503942,615.4303895954774,491.3184405607352,trace-back-2821,2304/16
aux_loss,sparse,-,16384,2304,16,softmax,0,float32,backward_raw,0.1952767944335937,0.3130460739135742,1.6030889631385736,2319.706411168292,1447.022881766152,trace-back-2821,2304/16
aux_loss,sparse,-,16384,2304,36,softmax,0,float32,forward,0.8169856262207031,1.073272933959961,1.31369867414292,600.6636497022429,457.2309171995826,trace-back-2821,2304/36
aux_loss,sparse,-,16384,2304,36,softmax,0,float32,backward_raw,0.1952428817749023,0.3131043243408203,1.603665759767886,2320.109331935856,1446.753675324257,trace-back-2821,2304/36
aux_loss,sparse,-,65536,256,8,softmax,0,float32,forward,0.2563811111450195,0.930343017578125,3.628750236018305,850.7015474967329,234.43375602234244,trace-back-2821,256/8
aux_loss,sparse,-,65536,256,8,softmax,0,float32,backward_raw,0.0452668809890747,0.1441276836395263,3.183954372166971,4447.547248695812,1396.8627463932066,trace-back-2821,256/8
aux_loss,sparse,-,65536,384,6,softmax,0,float32,forward,0.2454860877990722,1.4394781494140625,5.863787077792612,1332.6853465837685,227.27382984810728,trace-back-2821,384/6
aux_loss,sparse,-,65536,384,6,softmax,0,float32,backward_raw,0.0632339191436767,0.2174073600769043,3.4381446385273517,4775.757885792822,1389.0508945657407,trace-back-2821,384/6
aux_loss,sparse,-,65536,512,10,softmax,0,float32,forward,0.6456412506103516,1.8883779907226563,2.9248100070085266,675.6191857128625,230.99592250228957,trace-back-2821,512/10
aux_loss,sparse,-,65536,512,10,softmax,0,float32,backward_raw,0.0785123205184936,0.2839219284057617,3.6162722809712857,5128.535003689703,1418.1827598203538,trace-back-2821,512/10
aux_loss,sparse,-,65536,512,22,softmax,0,float32,forward,0.773439712524414,1.904500732421875,2.4623777413831185,563.9839911714267,229.04040338450943,trace-back-2821,512/22
aux_loss,sparse,-,65536,512,22,softmax,0,float32,backward_raw,0.0788326406478881,0.2836076736450195,3.597591953208496,5107.696262497158,1419.7541936188404,trace-back-2821,512/22
aux_loss,sparse,-,65536,896,16,softmax,0,float32,forward,1.3042512512207032,2.338969268798828,1.793342553138967,585.288553325547,326.3674038744525,trace-back-2821,896/16
aux_loss,sparse,-,65536,896,16,softmax,0,float32,backward_raw,0.1785251235961914,0.4821900939941406,2.700964907800952,3947.0246977329775,1461.3387557658175,trace-back-2821,896/16
aux_loss,sparse,-,65536,2304,16,softmax,0,float32,forward,3.1838674926757813,4.070974731445313,1.2786256779876195,616.5251149790514,482.17795527880907,trace-back-2821,2304/16
aux_loss,sparse,-,65536,2304,16,softmax,0,float32,backward_raw,0.7734620666503906,1.1967123413085938,1.547215297178258,2342.6350252015745,1514.097636879604,trace-back-2821,2304/16
aux_loss,sparse,-,65536,2304,36,softmax,0,float32,forward,3.283422546386719,4.429283447265625,1.3489836853742394,597.8317576457328,443.17197022281294,trace-back-2821,2304/36
aux_loss,sparse,-,65536,2304,36,softmax,0,float32,backward_raw,0.773721923828125,1.1967436981201172,1.5467361868189256,2341.848243145434,1514.0579648309422,trace-back-2821,2304/36
aux_loss,sparse,-,262144,256,8,softmax,0,float32,forward,0.994230728149414,3.635374145507813,3.656469310976159,877.4776390424462,239.9794896154039,trace-back-2821,256/8
aux_loss,sparse,-,262144,256,8,softmax,0,float32,backward_raw,0.1631923294067382,0.5649766540527343,3.462029472259045,4934.707231201202,1425.3799023788222,trace-back-2821,256/8
aux_loss,sparse,-,262144,384,6,softmax,0,float32,forward,0.9476390075683594,5.608403930664062,5.918291549706487,1380.9296974360784,233.3324889181177,trace-back-2821,384/6
aux_loss,sparse,-,262144,384,6,softmax,0,float32,backward_raw,0.235279369354248,0.8247647857666016,3.505470063228518,5134.149905771115,1464.610968904579,trace-back-2821,384/6
aux_loss,sparse,-,262144,512,10,softmax,0,float32,forward,2.504611206054688,6.547606201171875,2.614220596531544,696.6472320262797,266.4837209799994,trace-back-2821,512/10
aux_loss,sparse,-,262144,512,10,softmax,0,float32,backward_raw,0.297803840637207,1.085952606201172,3.64653660569848,5408.300754462376,1483.1335426636797,trace-back-2821,512/10
aux_loss,sparse,-,262144,512,22,softmax,0,float32,forward,3.030586853027344,6.639774169921875,2.1909202711973776,575.7401284365226,262.7846097392993,trace-back-2821,512/22
aux_loss,sparse,-,262144,512,22,softmax,0,float32,backward_raw,0.2938089561462402,1.087124176025391,3.700105641042087,5481.836759252276,1481.5352022512493,trace-back-2821,512/22
aux_loss,sparse,-,262144,896,16,softmax,0,float32,forward,5.150476684570313,8.340303344726562,1.6193264925773303,592.8486815885353,366.1081840543185,trace-back-2821,896/16
aux_loss,sparse,-,262144,896,16,softmax,0,float32,backward_raw,0.6709366607666015,1.8672125244140625,2.782993736369414,4200.951375617997,1509.508023937702,trace-back-2821,896/16
aux_loss,sparse,-,262144,2304,16,softmax,0,float32,forward,12.933350830078124,15.250233154296875,1.179140143545055,607.0922525150871,514.8601341736018,trace-back-2821,2304/16
aux_loss,sparse,-,262144,2304,16,softmax,0,float32,backward_raw,3.042727355957031,4.745765991210938,1.5597079317408145,2381.993673475341,1527.2049497220678,trace-back-2821,2304/16
aux_loss,sparse,-,262144,2304,36,softmax,0,float32,forward,13.1485009765625,16.545634765625,1.2583666225616112,597.1583454262883,474.55036928003926,trace-back-2821,2304/36
aux_loss,sparse,-,262144,2304,36,softmax,0,float32,backward_raw,3.0425543212890624,4.74609130859375,1.559903557147646,2382.129141059768,1527.1002685676276,trace-back-2821,2304/36
aux_loss,sparse,-,4096,256,8,sigmoid,0,float32,forward,0.0216537594795227,0.0867686367034912,4.007093400365218,629.5206157106751,157.1015578656836,trace-back-2821,256/8
aux_loss,sparse,-,4096,256,8,sigmoid,0,float32,backward_raw,0.004611200094223,0.0561596822738647,12.178973179720046,2728.7716305705435,224.05596845507367,trace-back-2821,256/8
aux_loss,sparse,-,4096,384,6,sigmoid,0,float32,forward,0.0205059194564819,0.1271964836120605,6.202915401184494,997.1380236518298,160.7531231945254,trace-back-2821,384/6
aux_loss,sparse,-,4096,384,6,sigmoid,0,float32,backward_raw,0.0055478399991989,0.0561628818511962,10.123378082155575,3402.1110923756605,336.06480611176056,trace-back-2821,384/6
aux_loss,sparse,-,4096,512,10,sigmoid,0,float32,forward,0.0537712001800537,0.1531999969482421,2.849108750320796,507.01817903839776,177.9567659470036,trace-back-2821,512/10
aux_loss,sparse,-,4096,512,10,sigmoid,0,float32,backward_raw,0.0066502398252487,0.0579811191558837,8.718650857635094,3784.1979629747866,434.0348093720131,trace-back-2821,512/10
aux_loss,sparse,-,4096,512,22,sigmoid,0,float32,forward,0.0615430402755737,0.1532767963409423,2.4905626315276064,442.9903995305315,177.86760064685456,trace-back-2821,512/22
aux_loss,sparse,-,4096,512,22,sigmoid,0,float32,backward_raw,0.0066342401504516,0.056469440460205,8.511817356560513,3793.324243513661,445.6538579966055,trace-back-2821,512/22
aux_loss,sparse,-,4096,896,16,sigmoid,0,float32,forward,0.1010921573638916,0.177485122680664,1.7556764768783018,471.9476687816861,268.81243497710767,trace-back-2821,896/16
aux_loss,sparse,-,4096,896,16,sigmoid,0,float32,backward_raw,0.0124505603313446,0.0600444793701171,4.8226326986227015,3537.205621913071,733.45946974632,trace-back-2821,896/16
aux_loss,sparse,-,4096,2304,16,sigmoid,0,float32,forward,0.2326272010803222,0.2638553619384766,1.1342412267917532,527.3819717997617,464.96455898670047,trace-back-2821,2304/16
aux_loss,sparse,-,4096,2304,16,sigmoid,0,float32,backward_raw,0.0650758409500122,0.1382598400115967,2.124595517986476,1740.2188945508933,819.0824464320323,trace-back-2821,2304/16
aux_loss,sparse,-,4096,2304,36,sigmoid,0,float32,forward,0.2172470474243164,0.2849135971069336,1.311472816247091,564.7183400397646,430.5985858370759,trace-back-2821,2304/36
aux_loss,sparse,-,4096,2304,36,sigmoid,0,float32,backward_raw,0.0651068782806396,0.1383011245727539,2.1242167989780505,1739.3893086358464,818.8379403988603,trace-back-2821,2304/36
aux_loss,sparse,-,16384,256,8,sigmoid,0,float32,forward,0.0684748792648315,0.2714140892028808,3.9637030706278025,796.2913200491663,200.89580522565316,trace-back-2821,256/8
aux_loss,sparse,-,16384,256,8,sigmoid,0,float32,backward_raw,0.0118969595432281,0.064558081626892,5.426435333525119,4230.631180775024,779.6335754040441,trace-back-2821,256/8
aux_loss,sparse,-,16384,384,6,sigmoid,0,float32,forward,0.0649900817871093,0.4254671859741211,6.546647954188473,1258.4832293013462,192.23322196456013,trace-back-2821,384/6
aux_loss,sparse,-,16384,384,6,sigmoid,0,float32,backward_raw,0.0162031996250152,0.0916467189788818,5.656087754260173,4659.417506863489,823.7880509109867,trace-back-2821,384/6
aux_loss,sparse,-,16384,512,10,sigmoid,0,float32,forward,0.1766339111328125,0.411025276184082,2.326989611156992,617.3893976565065,265.3167829784754,trace-back-2821,512/10
aux_loss,sparse,-,16384,512,10,sigmoid,0,float32,backward_raw,0.0245792007446289,0.1227583980560302,4.994401540206944,4095.4666120295688,820.0114826690271,trace-back-2821,512/10
aux_loss,sparse,-,16384,512,22,sigmoid,0,float32,forward,0.2250806427001953,0.4136592102050781,1.8378266795517693,484.5014777448269,263.62740465983046,trace-back-2821,512/22
aux_loss,sparse,-,16384,512,22,sigmoid,0,float32,backward_raw,0.0250729608535766,0.1226111984252929,4.890176279591745,4014.814867213434,820.995939137926,trace-back-2821,512/22
aux_loss,sparse,-,16384,896,16,sigmoid,0,float32,forward,0.3811491012573242,0.5350428771972656,1.4037626625178463,500.6986278347752,356.6832493868312,trace-back-2821,896/16
aux_loss,sparse,-,16384,896,16,sigmoid,0,float32,backward_raw,0.0560505580902099,0.2195430374145507,3.916875137286049,3142.890526022595,802.3974254640812,trace-back-2821,896/16
aux_loss,sparse,-,16384,2304,16,sigmoid,0,float32,forward,0.9721868896484376,1.0397718048095703,1.069518439181558,504.77287157972194,471.9627573377753,trace-back-2821,2304/16
aux_loss,sparse,-,16384,2304,16,sigmoid,0,float32,backward_raw,0.2276422309875488,0.5667878341674805,2.48981848275104,1989.898052021712,799.2141056897619,trace-back-2821,2304/16
aux_loss,sparse,-,16384,2304,36,sigmoid,0,float32,forward,0.8886841583251953,1.1154624176025392,1.2551843162195304,552.2024483083295,439.9373392200273,trace-back-2821,2304/36
aux_loss,sparse,-,16384,2304,36,sigmoid,0,float32,backward_raw,0.2277148818969726,0.5665993499755859,2.488196402692461,1989.2631883626675,799.4799711992584,trace-back-2821,2304/36
aux_loss,sparse,-,65536,256,8,sigmoid,0,float32,forward,0.247573127746582,1.045863037109375,4.224461057744237,880.9672115273064,208.53955084100653,trace-back-2821,256/8
aux_loss,sparse,-,65536,256,8,sigmoid,0,float32,backward_raw,0.0510211181640625,0.2666281509399414,5.225839035565179,3945.9462913497546,755.0837797519334,trace-back-2821,256/8
aux_loss,sparse,-,65536,384,6,sigmoid,0,float32,forward,0.2349324798583984,1.7085075378417969,7.272334327171666,1392.5520736732,191.48625613514483,trace-back-2821,384/6
aux_loss,sparse,-,65536,384,6,sigmoid,0,float32,backward_raw,0.0699616003036499,0.3955974578857422,5.65449412490217,4316.509152010424,763.3767153458851,trace-back-2821,384/6
aux_loss,sparse,-,65536,512,10,sigmoid,0,float32,forward,0.637367057800293,2.014248352050781,3.1602642894699278,684.3899612657382,216.5609893913433,trace-back-2821,512/10
aux_loss,sparse,-,65536,512,10,sigmoid,0,float32,backward_raw,0.0863417625427246,0.5143283081054687,5.956889145631733,4663.481172286176,782.8719081848233,trace-back-2821,512/10
aux_loss,sparse,-,65536,512,22,sigmoid,0,float32,forward,0.8503788757324219,2.035014343261719,2.393067844622767,512.9567872018214,214.3511260470267,trace-back-2821,512/22
aux_loss,sparse,-,65536,512,22,sigmoid,0,float32,backward_raw,0.0871158409118652,0.5142105484008789,5.9026067247758505,4622.0432447798175,783.0511942086634,trace-back-2821,512/22
aux_loss,sparse,-,65536,896,16,sigmoid,0,float32,forward,1.4791317749023438,2.5482083129882813,1.7227730187572508,516.0887900271085,299.56865147528094,trace-back-2821,896/16
aux_loss,sparse,-,65536,896,16,sigmoid,0,float32,backward_raw,0.2016441535949707,0.8686726379394532,4.307948544267237,3494.4879850837133,811.1721737563396,trace-back-2821,896/16
aux_loss,sparse,-,65536,2304,16,sigmoid,0,float32,forward,3.986651306152344,4.213307189941406,1.0568537016114952,492.37671450491024,465.88918953884735,trace-back-2821,2304/16
aux_loss,sparse,-,65536,2304,16,sigmoid,0,float32,backward_raw,0.9017164611816406,2.151741485595703,2.3862728232508768,2009.4335703105291,842.080398658285,trace-back-2821,2304/16
aux_loss,sparse,-,65536,2304,36,sigmoid,0,float32,forward,3.617533874511719,4.555275573730468,1.2592212628127282,542.6166941601754,430.9144946839049,trace-back-2821,2304/36
aux_loss,sparse,-,65536,2304,36,sigmoid,0,float32,backward_raw,0.9020642852783204,2.151743621826172,2.385355076065648,2008.6587592157573,842.0795626489265,trace-back-2821,2304/36
aux_loss,sparse,-,262144,256,8,sigmoid,0,float32,forward,0.9605260467529296,4.106296081542968,4.275049172715673,908.268167166534,212.45794620639828,trace-back-2821,256/8
aux_loss,sparse,-,262144,256,8,sigmoid,0,float32,backward_raw,0.1901343917846679,1.021846389770508,5.374337489283764,4235.458721807836,788.0894585152474,trace-back-2821,256/8
aux_loss,sparse,-,262144,384,6,sigmoid,0,float32,forward,0.908718719482422,6.664978637695312,7.334479300141939,1440.0747117274652,196.34314213683805,trace-back-2821,384/6
aux_loss,sparse,-,262144,384,6,sigmoid,0,float32,backward_raw,0.2654451179504394,1.4889353942871093,5.609202406069884,4550.694174852125,811.2907763727127,trace-back-2821,384/6
aux_loss,sparse,-,262144,512,10,sigmoid,0,float32,forward,2.4770790100097657,7.0285546875,2.83743661752327,704.3903149432125,248.2488280418605,trace-back-2821,512/10
aux_loss,sparse,-,262144,512,10,sigmoid,0,float32,backward_raw,0.3254803085327148,1.953639068603516,6.002326461501281,4948.418364418851,824.4167317718952,trace-back-2821,512/10
aux_loss,sparse,-,262144,512,22,sigmoid,0,float32,forward,3.3484451293945314,7.119383544921875,2.126175962217188,521.0867720909919,245.08167778719485,trace-back-2821,512/22
aux_loss,sparse,-,262144,512,22,sigmoid,0,float32,backward_raw,0.3255535888671875,1.9534201049804687,6.000302782032558,4947.304502476439,824.5091426537272,trace-back-2821,512/22
aux_loss,sparse,-,262144,896,16,sigmoid,0,float32,forward,5.882408447265625,9.128529052734375,1.551835295792436,519.0821649624424,334.4956558017815,trace-back-2821,896/16
aux_loss,sparse,-,262144,896,16,sigmoid,0,float32,backward_raw,0.7714857482910156,3.3545352172851564,4.348149301158285,3653.434031987839,840.2273654712398,trace-back-2821,896/16
aux_loss,sparse,-,262144,2304,16,sigmoid,0,float32,forward,16.052099609375,15.79008544921875,0.983677265495959,489.1408151625415,497.2574159431469,trace-back-2821,2304/16
aux_loss,sparse,-,262144,2304,16,sigmoid,0,float32,backward_raw,3.543994140625,8.501633911132812,2.398884866562874,2045.0816294865049,852.5134565614651,trace-back-2821,2304/16
aux_loss,sparse,-,262144,2304,36,sigmoid,0,float32,forward,14.54102783203125,17.0871435546875,1.175098744880167,539.9712577885343,459.51139012032473,trace-back-2821,2304/36
aux_loss,sparse,-,262144,2304,36,sigmoid,0,float32,backward_raw,3.543235168457031,8.50167724609375,2.399410945617806,2045.5196924329955,852.5091111086479,trace-back-2821,2304/36
topk,sparse,-,4096,256,8,softmax,0,float32,forward,0.0128592002391815,0.084943675994873,6.605673324539479,1060.0572155697016,160.47678464989858,trace-back-3012,256/8
topk,sparse,-,4096,256,8,softmax,0,float32,backward_raw,0.0049302399158477,0.0509017610549926,10.324398391115592,2764.8731568179683,267.79992906872053,trace-back-3012,256/8
topk,sparse,-,4096,384,6,softmax,0,float32,forward,0.0131936001777648,0.1287705612182617,9.760077574222546,1549.7841168826394,158.788094161853,trace-back-3012,384/6
topk,sparse,-,4096,384,6,softmax,0,float32,backward_raw,0.0056060802936553,0.0516774415969848,9.218105858289276,3647.3312776381167,395.67036153726696,trace-back-3012,384/6
topk,sparse,-,4096,512,10,softmax,0,float32,forward,0.033328320980072,0.1509039974212646,4.527800770746735,818.0122849963349,180.66437248771143,trace-back-3012,512/10
topk,sparse,-,4096,512,10,softmax,0,float32,backward_raw,0.0067363202571868,0.051723837852478,7.678351960373998,4047.161500511128,527.087260573296,trace-back-3012,512/10
topk,sparse,-,4096,512,22,softmax,0,float32,forward,0.0321462392807006,0.1518659210205078,4.724220450623038,848.0922375379566,179.52003857612294,trace-back-3012,512/22
topk,sparse,-,4096,512,22,softmax,0,float32,backward_raw,0.0067219197750091,0.0522211217880249,7.768780874501552,4055.831802896348,522.0679883259769,trace-back-3012,512/22
topk,sparse,-,4096,896,16,softmax,0,float32,forward,0.0606313610076904,0.1744809532165527,2.877734398777916,786.8899395800877,273.4407803285305,trace-back-3012,896/16
topk,sparse,-,4096,896,16,softmax,0,float32,backward_raw,0.0079427200555801,0.0700121593475341,8.814632626809917,6006.784535542242,681.4560277047125,trace-back-3012,896/16
topk,sparse,-,4096,2304,16,softmax,0,float32,forward,0.1491523170471191,0.2548179244995117,1.7084409383932766,822.5376207950073,481.455110510623,trace-back-3012,2304/16
topk,sparse,-,4096,2304,16,softmax,0,float32,backward_raw,0.0342470407485961,0.1727052879333496,5.042925875002175,3582.3063633615952,710.3626847103022,trace-back-3012,2304/16
topk,sparse,-,4096,2304,36,softmax,0,float32,forward,0.152805757522583,0.2773356819152832,1.8149557085523824,802.8715278079018,442.3642538628538,trace-back-3012,2304/36
topk,sparse,-,4096,2304,36,softmax,0,float32,backward_raw,0.0342073607444763,0.1731500816345214,5.061778455459506,3586.461782784878,708.537881367884,trace-back-3012,2304/36
topk,sparse,-,16384,256,8,softmax,0,float32,forward,0.033886399269104,0.2507139205932617,7.398659226147131,1609.080727845704,217.4827463547928,trace-back-3012,256/8
topk,sparse,-,16384,256,8,softmax,0,float32,backward_raw,0.011508799791336,0.0804851245880127,6.9933551758023205,4737.7617986758,677.4662060735753,trace-back-3012,256/8
topk,sparse,-,16384,384,6,softmax,0,float32,forward,0.0339113593101501,0.4245024108886718,12.518000443633422,2411.8445754994978,192.67011423746567,trace-back-3012,384/6
topk,sparse,-,16384,384,6,softmax,0,float32,backward_raw,0.0143731200695037,0.1140931224822998,7.937950975889867,5690.408735507326,716.861158854589,trace-back-3012,384/6
topk,sparse,-,16384,512,10,softmax,0,float32,forward,0.1083308792114257,0.4029040145874023,3.719198233414758,1006.6557642089012,270.6647242313424,trace-back-3012,512/10
topk,sparse,-,16384,512,10,softmax,0,float32,backward_raw,0.023011519908905,0.1517369556427002,6.593956255100769,4739.013521562257,718.6904702160228,trace-back-3012,512/10
topk,sparse,-,16384,512,22,softmax,0,float32,forward,0.1058435153961181,0.4060611343383789,3.836429022776688,1030.3125665457585,268.56030971219434,trace-back-3012,512/22
topk,sparse,-,16384,512,22,softmax,0,float32,backward_raw,0.0233110404014587,0.151504316329956,6.499251587264005,4678.122560037082,719.7940404714252,trace-back-3012,512/22
topk,sparse,-,16384,896,16,softmax,0,float32,forward,0.1849263954162597,0.5152214431762695,2.7860892546817486,1031.9826521813025,370.4054528932113,trace-back-3012,896/16
topk,sparse,-,16384,896,16,softmax,0,float32,backward_raw,0.0373257589340209,0.2775065612792968,7.434719861150909,5112.84532318125,687.698449796032,trace-back-3012,896/16
topk,sparse,-,16384,2304,16,softmax,0,float32,forward,0.4877065658569336,0.9486495971679688,1.945123694410648,1006.2066052724708,517.2969761068799,trace-back-3012,2304/16
topk,sparse,-,16384,2304,16,softmax,0,float32,backward_raw,0.1036201572418212,0.7325849914550782,7.06990812362332,4735.889049606065,669.8657134993894,trace-back-3012,2304/16
topk,sparse,-,16384,2304,36,softmax,0,float32,forward,0.4973606491088867,1.0284867095947263,2.067889189539724,986.6755017294586,477.14138007031,trace-back-3012,2304/36
topk,sparse,-,16384,2304,36,softmax,0,float32,backward_raw,0.1035420799255371,0.7328201293945312,7.077510225036459,4739.46021127752,669.6507755667856,trace-back-3012,2304/36
topk,sparse,-,65536,256,8,softmax,0,float32,forward,0.1216073608398437,0.956561279296875,7.865981735732766,1793.5082752699611,228.00819217804664,trace-back-3012,256/8
topk,sparse,-,65536,256,8,softmax,0,float32,backward_raw,0.0433654403686523,0.3279091262817383,7.561531106202592,5029.438330289875,665.1349124470723,trace-back-3012,256/8
topk,sparse,-,65536,384,6,softmax,0,float32,forward,0.1208518409729003,1.6780093383789063,13.884847139028526,2707.080913011171,194.9665621742362,trace-back-3012,384/6
topk,sparse,-,65536,384,6,softmax,0,float32,backward_raw,0.0601427221298217,0.5026950454711914,8.35836868816967,5439.655878791356,650.8035337673698,trace-back-3012,384/6
topk,sparse,-,65536,512,10,softmax,0,float32,forward,0.4293657684326172,1.936172790527344,4.509378559905383,1015.9347765248234,225.2937434789551,trace-back-3012,512/10
topk,sparse,-,65536,512,10,softmax,0,float32,backward_raw,0.0797635221481323,0.6581657409667969,8.25146286474773,5468.760709812936,662.7625670081873,trace-back-3012,512/10
topk,sparse,-,65536,512,22,softmax,0,float32,forward,0.4125519943237304,1.9612786865234373,4.754015768941884,1057.3397341468356,222.4098079468868,trace-back-3012,512/22
topk,sparse,-,65536,512,22,softmax,0,float32,backward_raw,0.0793183994293212,0.6592176055908203,8.311030105672181,5499.450557984269,661.7050459522409,trace-back-3012,512/22
topk,sparse,-,65536,896,16,softmax,0,float32,forward,0.7174262237548829,2.412299194335937,3.36243520861335,1064.030422535561,316.4463719062594,trace-back-3012,896/16
topk,sparse,-,65536,896,16,softmax,0,float32,backward_raw,0.1284438419342041,1.1231641387939453,8.74439850039125,5943.167975238829,679.6542923990613,trace-back-3012,896/16
topk,sparse,-,65536,2304,16,softmax,0,float32,forward,1.8477066040039063,3.827778930664063,2.0716378468147587,1062.3625351267349,512.8128629046663,trace-back-3012,2304/16
topk,sparse,-,65536,2304,16,softmax,0,float32,backward_raw,0.3754291152954102,2.814425354003906,7.496555912530511,5228.508370895649,697.4547287983519,trace-back-3012,2304/16
topk,sparse,-,65536,2304,36,softmax,0,float32,forward,1.9042274475097656,4.215997009277344,2.214019661774528,1030.8297333740293,465.5919507723898,trace-back-3012,2304/36
topk,sparse,-,65536,2304,36,softmax,0,float32,backward_raw,0.3750336074829101,2.814586486816406,7.504891376820579,5234.022319158287,697.4148000761155,trace-back-3012,2304/36
topk,sparse,-,262144,256,8,softmax,0,float32,forward,0.469920310974121,3.721235961914063,7.918865975807959,1856.517395878308,234.44233070113157,trace-back-3012,256/8
topk,sparse,-,262144,256,8,softmax,0,float32,backward_raw,0.1552073574066162,1.2939276123046874,8.336767237875346,5620.965697614605,674.2380514208921,trace-back-3012,256/8
topk,sparse,-,262144,384,6,softmax,0,float32,forward,0.4632636642456054,6.534293212890625,14.104911991168771,2824.790608456216,200.26999177484024,trace-back-3012,384/6
topk,sparse,-,262144,384,6,softmax,0,float32,backward_raw,0.2214819145202636,1.908903350830078,8.618777542016552,5908.48625647162,685.5364612519284,trace-back-3012,384/6
topk,sparse,-,262144,512,10,softmax,0,float32,forward,1.683839111328125,6.722647705078125,3.992452521058053,1036.221603513989,259.54512872688497,trace-back-3012,512/10
topk,sparse,-,262144,512,10,softmax,0,float32,backward_raw,0.2986278343200683,2.523602294921875,8.450660001830526,5842.825964206324,691.4046906325293,trace-back-3012,512/10
topk,sparse,-,262144,512,22,softmax,0,float32,forward,1.6246611022949218,6.861766967773438,4.223506648913315,1073.965802181964,254.28296708335708,trace-back-3012,512/22
topk,sparse,-,262144,512,22,softmax,0,float32,backward_raw,0.2986758422851562,2.524838714599609,8.453441347255188,5841.88681163624,691.0661080688858,trace-back-3012,512/22
topk,sparse,-,262144,896,16,softmax,0,float32,forward,2.837196044921875,8.604161987304687,3.032628641473244,1076.222179805019,354.8809653404161,trace-back-3012,896/16
topk,sparse,-,262144,896,16,softmax,0,float32,backward_raw,0.4768227386474609,4.366385803222657,9.157251635289452,6403.749369548358,699.3090967239694,trace-back-3012,896/16
topk,sparse,-,262144,2304,16,softmax,0,float32,forward,7.343746948242187,14.261533203125,1.9419968176516031,1069.1731541593226,550.5535047437621,trace-back-3012,2304/16
topk,sparse,-,262144,2304,16,softmax,0,float32,backward_raw,1.4379078674316406,11.15851318359375,7.760242110313257,5460.528637362977,703.6544169293387,trace-back-3012,2304/16
topk,sparse,-,262144,2304,36,softmax,0,float32,forward,7.575116577148438,15.735828857421875,2.077305173743668,1036.5169972018691,498.97194225626646,trace-back-3012,2304/36
topk,sparse,-,262144,2304,36,softmax,0,float32,backward_raw,1.4377923583984376,11.158162841796877,7.760621884390869,5460.967324062063,703.6765101319835,trace-back-3012,2304/36
topk,sparse,-,4096,256,8,sigmoid,0,float32,forward,0.0134569597244262,0.1043907165527343,7.757377497626792,1012.9693689472026,130.58141997822068,trace-back-3012,256/8
topk,sparse,-,4096,256,8,sigmoid,0,float32,backward_raw,0.0054512000083923,0.0861142444610595,15.797300471177602,2500.639855263757,158.29539102748663,trace-back-3012,256/8
topk,sparse,-,4096,384,6,sigmoid,0,float32,forward,0.0134332799911499,0.1397827243804931,10.405703184373785,1522.1324958216474,146.27867707272583,trace-back-3012,384/6
topk,sparse,-,4096,384,6,sigmoid,0,float32,backward_raw,0.0061276799440383,0.0860236835479736,14.038540578749696,3336.8635742624047,237.6930533159162,trace-back-3012,384/6
topk,sparse,-,4096,512,10,sigmoid,0,float32,forward,0.033665599822998,0.1748364830017089,5.193327429807818,809.8170281634426,155.93413646815068,trace-back-3012,512/10
topk,sparse,-,4096,512,10,sigmoid,0,float32,backward_raw,0.0079926401376724,0.0851923179626464,10.65884569994612,3411.010070564666,320.0168354610771,trace-back-3012,512/10
topk,sparse,-,4096,512,22,sigmoid,0,float32,forward,0.0340297603607177,0.1746313667297363,5.131724845506756,801.1509840507425,156.11729158709977,trace-back-3012,512/22
topk,sparse,-,4096,512,22,sigmoid,0,float32,backward_raw,0.0084502398967742,0.0846019172668457,10.011776979153073,3226.296097274953,322.250096460686,trace-back-3012,512/22
topk,sparse,-,4096,896,16,sigmoid,0,float32,forward,0.0635135984420776,0.2011183929443359,3.1665406759742867,751.180993838826,237.22448902624677,trace-back-3012,896/16
topk,sparse,-,4096,896,16,sigmoid,0,float32,backward_raw,0.009309759736061,0.0956649589538574,10.275770982929004,5124.751803765227,498.7218781227128,trace-back-3012,896/16
topk,sparse,-,4096,2304,16,sigmoid,0,float32,forward,0.1838496017456054,0.2997286415100098,1.630292579718216,667.3030065616255,409.3148768897444,trace-back-3012,2304/16
topk,sparse,-,4096,2304,16,sigmoid,0,float32,backward_raw,0.0407235193252563,0.2341404724121093,5.749514685654823,3012.593067414802,523.973453782333,trace-back-3012,2304/16
topk,sparse,-,4096,2304,36,sigmoid,0,float32,forward,0.1854899215698242,0.3169759941101074,1.7088583111551303,661.4019293431968,387.0431650334494,trace-back-3012,2304/36
topk,sparse,-,4096,2304,36,sigmoid,0,float32,backward_raw,0.042966718673706,0.2348963165283203,5.466936358630235,2855.312106369375,522.2874237161938,trace-back-3012,2304/36
topk,sparse,-,16384,256,8,sigmoid,0,float32,forward,0.0353964805603027,0.2879289627075195,8.13439523223201,1540.4342786878938,189.3729324319064,trace-back-3012,256/8
topk,sparse,-,16384,256,8,sigmoid,0,float32,backward_raw,0.0136412799358367,0.1099043178558349,8.056745288769205,3997.1287339948008,496.1220183498472,trace-back-3012,256/8
topk,sparse,-,16384,384,6,sigmoid,0,float32,forward,0.0369532799720764,0.4257593536376953,11.52155786873096,2213.30631710645,192.1013062923785,trace-back-3012,384/6
topk,sparse,-,16384,384,6,sigmoid,0,float32,backward_raw,0.0163718402385711,0.15602144241333,9.529865924647371,4995.707679049403,524.2159458013841,trace-back-3012,384/6
topk,sparse,-,16384,512,10,sigmoid,0,float32,forward,0.1085427188873291,0.4460505676269531,4.109447157758857,1004.6911033544264,244.483275921316,trace-back-3012,512/10
topk,sparse,-,16384,512,10,sigmoid,0,float32,backward_raw,0.0263155198097229,0.2052236747741699,7.798579555260965,4144.014816675145,531.3807196952386,trace-back-3012,512/10
topk,sparse,-,16384,512,22,sigmoid,0,float32,forward,0.1103139209747314,0.4511248016357422,4.089463937548526,988.5597668582506,241.7333376586403,trace-back-3012,512/22
topk,sparse,-,16384,512,22,sigmoid,0,float32,backward_raw,0.0269964790344238,0.2042787170410156,7.566865174548695,4039.486181177383,533.8387942690293,trace-back-3012,512/22
topk,sparse,-,16384,896,16,sigmoid,0,float32,forward,0.1939180755615234,0.5891491317749024,3.038134171190173,984.1312185436416,323.92618728820435,trace-back-3012,896/16
topk,sparse,-,16384,896,16,sigmoid,0,float32,backward_raw,0.0404284811019897,0.3657487869262695,9.04680999525032,4720.455154339386,521.7811755544418,trace-back-3012,896/16
topk,sparse,-,16384,2304,16,sigmoid,0,float32,forward,0.5880492782592773,1.1078819274902345,1.8839950467582365,834.5109604634703,442.9475342301996,trace-back-3012,2304/16
topk,sparse,-,16384,2304,16,sigmoid,0,float32,backward_raw,0.1232796764373779,0.9348985290527344,7.583557615254064,3980.6526280856738,524.905701260676,trace-back-3012,2304/16
topk,sparse,-,16384,2304,36,sigmoid,0,float32,forward,0.5936275100708008,1.1908191680908202,2.0060040141144966,826.6691817255422,412.0974713455177,trace-back-3012,2304/36
topk,sparse,-,16384,2304,36,sigmoid,0,float32,backward_raw,0.1306700801849365,0.9349155426025392,7.154778976789171,3755.515932227698,524.8961490510012,trace-back-3012,2304/36
topk,sparse,-,65536,256,8,sigmoid,0,float32,forward,0.130771837234497,1.0764348602294922,8.231396629377118,1667.8194067802322,202.61681970565408,trace-back-3012,256/8
topk,sparse,-,65536,256,8,sigmoid,0,float32,backward_raw,0.0496278381347656,0.4323580932617187,8.71200740374061,4394.78760706307,504.4517759679718,trace-back-3012,256/8
topk,sparse,-,65536,384,6,sigmoid,0,float32,forward,0.1330390357971191,1.6546173095703125,12.437081339747216,2459.095633396678,197.72288740588544,trace-back-3012,384/6
topk,sparse,-,65536,384,6,sigmoid,0,float32,backward_raw,0.0653900814056396,0.6480477142333985,9.91048948560426,5003.13969592006,504.8327535373002,trace-back-3012,384/6
topk,sparse,-,65536,512,10,sigmoid,0,float32,forward,0.4250537490844726,2.081767730712891,4.89765761435308,1026.2410740748712,209.53712057522523,trace-back-3012,512/10
topk,sparse,-,65536,512,10,sigmoid,0,float32,backward_raw,0.0884067153930664,0.8431820678710937,9.537534158148611,4934.100470315754,517.3350248082929,trace-back-3012,512/10
topk,sparse,-,65536,512,22,sigmoid,0,float32,forward,0.4365727996826172,2.122423095703125,4.861555958699441,999.1635216786692,205.5234024182588,trace-back-3012,512/22
topk,sparse,-,65536,512,22,sigmoid,0,float32,backward_raw,0.0911420822143554,0.8438665771484375,9.258802922274285,4786.017670455354,516.9153842708364,trace-back-3012,512/22
topk,sparse,-,65536,896,16,sigmoid,0,float32,forward,0.7584883117675781,2.6600341796875,3.507020659934188,1006.4272793091052,286.97500724959843,trace-back-3012,896/16
topk,sparse,-,65536,896,16,sigmoid,0,float32,backward_raw,0.1375468826293945,1.4344595336914063,10.428877094629655,5549.840995355755,532.1609359279573,trace-back-3012,896/16
topk,sparse,-,65536,2304,16,sigmoid,0,float32,forward,2.268385925292969,4.4203466796875,1.94867488393387,865.344053722464,444.0679463038793,trace-back-3012,2304/16
topk,sparse,-,65536,2304,16,sigmoid,0,float32,backward_raw,0.4483974456787109,3.5817129516601565,7.987808552831392,4377.666043634192,548.0434357784485,trace-back-3012,2304/16
topk,sparse,-,65536,2304,36,sigmoid,0,float32,forward,2.313629455566406,4.840842895507812,2.09231555375522,848.4220613967973,405.4943145999546,trace-back-3012,2304/36
topk,sparse,-,65536,2304,36,sigmoid,0,float32,backward_raw,0.4791606521606445,3.581453552246094,7.474431667325988,4096.6099013946205,548.0831297585736,trace-back-3012,2304/36
topk,sparse,-,262144,256,8,sigmoid,0,float32,forward,0.5077977752685547,4.182674255371094,8.236889681446591,1718.0367352704784,208.57833499218975,trace-back-3012,256/8
topk,sparse,-,262144,256,8,sigmoid,0,float32,backward_raw,0.1835011291503906,1.66623046875,9.080219159765608,4754.277186409035,523.586171518327,trace-back-3012,256/8
topk,sparse,-,262144,384,6,sigmoid,0,float32,forward,0.5157331085205078,6.385565185546875,12.381530446756178,2537.403215694389,204.9345375037349,trace-back-3012,384/6
topk,sparse,-,262144,384,6,sigmoid,0,float32,backward_raw,0.2415139198303222,2.4479930114746096,10.136032793449209,5418.415836732658,534.5696829468146,trace-back-3012,384/6
topk,sparse,-,262144,512,10,sigmoid,0,float32,forward,1.6726275634765626,7.287237548828125,4.356760409760064,1043.167350640428,239.43647401484665,trace-back-3012,512/10
topk,sparse,-,262144,512,10,sigmoid,0,float32,backward_raw,0.3325897598266601,3.230132751464844,9.712063152961568,5246.194185020532,540.1729892397552,trace-back-3012,512/10
topk,sparse,-,262144,512,22,sigmoid,0,float32,forward,1.7115692138671874,7.4646875,4.36131208689714,1019.4331902346272,233.74460940260397,trace-back-3012,512/22
topk,sparse,-,262144,512,22,sigmoid,0,float32,backward_raw,0.3467017745971679,3.2277456665039064,9.309861970721716,5032.655128538971,540.57247512004,trace-back-3012,512/22
topk,sparse,-,262144,896,16,sigmoid,0,float32,forward,2.997935485839844,9.577638549804687,3.194744715169079,1018.5186860832677,318.81066466663304,trace-back-3012,896/16
topk,sparse,-,262144,896,16,sigmoid,0,float32,backward_raw,0.5088195037841797,5.568232421875,10.943433536771057,6001.053987299883,548.3703050907859,trace-back-3012,896/16
topk,sparse,-,262144,2304,16,sigmoid,0,float32,forward,8.891107177734375,16.637950439453125,1.8713024268922147,883.1000381665374,471.91732639023775,trace-back-3012,2304/16
topk,sparse,-,262144,2304,16,sigmoid,0,float32,backward_raw,1.7349058532714845,14.1907861328125,8.179571304144925,4525.742462159607,553.298246800077,trace-back-3012,2304/16
topk,sparse,-,262144,2304,36,sigmoid,0,float32,forward,9.046053466796875,18.2105615234375,2.013094615268253,867.9737652247403,431.1639197887772,trace-back-3012,2304/36
topk,sparse,-,262144,2304,36,sigmoid,0,float32,backward_raw,1.8490631103515625,14.1911962890625,7.674803639538473,4246.332666550872,553.2822552846743,trace-back-3012,2304/36
aux_loss,sparse,-,4096,256,8,softmax,0,float32,forward,0.0121510398387908,0.0749548816680908,6.168598133371713,1121.8371580416465,181.86257781530307,trace-back-3012,256/8
aux_loss,sparse,-,4096,256,8,softmax,0,float32,backward_raw,0.0038227200508117,0.0231788802146911,6.063452177139953,3291.612211395908,542.8610823065015,trace-back-3012,256/8
aux_loss,sparse,-,4096,384,6,softmax,0,float32,forward,0.012046719789505,0.1054028797149658,8.749508709150176,1697.327767000395,193.99120835497212,trace-back-3012,384/6
aux_loss,sparse,-,4096,384,6,softmax,0,float32,backward_raw,0.0043113601207733,0.0233836793899536,5.42373606818058,4377.822188654138,807.159886399616,trace-back-3012,384/6
aux_loss,sparse,-,4096,512,10,softmax,0,float32,forward,0.0329295992851257,0.1420454406738281,4.313609754066759,827.9170288086276,191.93136978329775,trace-back-3012,512/10
aux_loss,sparse,-,4096,512,10,softmax,0,float32,backward_raw,0.0053894400596618,0.023471040725708,4.355005430226565,4669.469132490714,1072.2074190956384,trace-back-3012,512/10
aux_loss,sparse,-,4096,512,22,softmax,0,float32,forward,0.0323952007293701,0.1418531227111816,4.37883141691957,841.5745353071035,192.19158153823977,trace-back-3012,512/22
aux_loss,sparse,-,4096,512,22,softmax,0,float32,backward_raw,0.0053731197118759,0.0235164809226989,4.37669029981256,4683.652207557807,1070.1356245742115,trace-back-3012,512/22
aux_loss,sparse,-,4096,896,16,softmax,0,float32,forward,0.0579388809204101,0.1623151969909668,2.801490025565681,823.4575339060976,293.93555800357484,trace-back-3012,896/16
aux_loss,sparse,-,4096,896,16,softmax,0,float32,backward_raw,0.0069161599874496,0.0282480001449584,4.084347411890197,6367.723141153065,1559.055217148177,trace-back-3012,896/16
aux_loss,sparse,-,4096,2304,16,softmax,0,float32,forward,0.158248643875122,0.2555193519592285,1.6146700894376396,775.2571459431432,480.1334656624197,trace-back-3012,2304/16
aux_loss,sparse,-,4096,2304,16,softmax,0,float32,backward_raw,0.0246063995361328,0.0751036787033081,3.052201058225666,4602.307128830681,1507.8649935027993,trace-back-3012,2304/16
aux_loss,sparse,-,4096,2304,36,softmax,0,float32,forward,0.1624793624877929,0.2768614387512207,1.7039791054819116,755.0706140247022,443.121991106315,trace-back-3012,2304/36
aux_loss,sparse,-,4096,2304,36,softmax,0,float32,backward_raw,0.0246352005004882,0.075160641670227,3.050944995099079,4596.92658063633,1506.7222083717195,trace-back-3012,2304/36
aux_loss,sparse,-,16384,256,8,softmax,0,float32,forward,0.0354358410835266,0.23965087890625,6.76295162125159,1538.7232342383425,227.52243700858796,trace-back-3012,256/8
aux_loss,sparse,-,16384,256,8,softmax,0,float32,backward_raw,0.0084342402219772,0.0306137609481811,3.6296999068642113,5967.537878379373,1644.0857457923782,trace-back-3012,256/8
aux_loss,sparse,-,16384,384,6,softmax,0,float32,forward,0.0366707205772399,0.3590694427490234,9.791720399731744,2230.360535941119,227.78025156868475,trace-back-3012,384/6
aux_loss,sparse,-,16384,384,6,softmax,0,float32,backward_raw,0.0104787194728851,0.0507113599777221,4.839461549566579,7204.837594455908,1488.768434393527,trace-back-3012,384/6
aux_loss,sparse,-,16384,512,10,softmax,0,float32,forward,0.1124156761169433,0.3826377487182617,3.4037757182567026,970.0773750322496,285.0003805565339,trace-back-3012,512/10
aux_loss,sparse,-,16384,512,10,softmax,0,float32,backward_raw,0.0158345603942871,0.0670348787307739,4.23345372789504,6357.189179455712,1501.65552479456,trace-back-3012,512/10
aux_loss,sparse,-,16384,512,22,softmax,0,float32,forward,0.111275520324707,0.3854502487182617,3.463926725244693,980.0170215495878,282.92082924483884,trace-back-3012,512/22
aux_loss,sparse,-,16384,512,22,softmax,0,float32,backward_raw,0.0158310401439666,0.0669248008728027,4.227441801940492,6358.602788229521,1504.125446578775,trace-back-3012,512/22
aux_loss,sparse,-,16384,896,16,softmax,0,float32,forward,0.1889286422729492,0.489777603149414,2.5923946589412417,1010.1212272742011,389.64793566066993,trace-back-3012,896/16
aux_loss,sparse,-,16384,896,16,softmax,0,float32,backward_raw,0.0315535998344421,0.1186227226257324,3.7594037842950176,5582.905561466643,1485.050790444309,trace-back-3012,896/16
aux_loss,sparse,-,16384,2304,16,softmax,0,float32,forward,0.5206492614746093,0.9989564514160156,1.9186744807564315,942.541561684193,491.2462072839989,trace-back-3012,2304/16
aux_loss,sparse,-,16384,2304,16,softmax,0,float32,backward_raw,0.0774287986755371,0.312989444732666,4.042287237907929,5850.340438552049,1447.2846916192602,trace-back-3012,2304/16
aux_loss,sparse,-,16384,2304,36,softmax,0,float32,forward,0.5301305770874023,1.07219970703125,2.022520023127202,925.6843298799064,457.6885861671825,trace-back-3012,2304/36
aux_loss,sparse,-,16384,2304,36,softmax,0,float32,backward_raw,0.0775225591659545,0.3130563163757324,4.0382608590818645,5843.264681578473,1446.9755386002955,trace-back-3012,2304/36
aux_loss,sparse,-,65536,256,8,softmax,0,float32,forward,0.1284684753417968,0.9301251220703124,7.240103999021298,1697.7223978078964,234.4886755822004,trace-back-3012,256/8
aux_loss,sparse,-,65536,256,8,softmax,0,float32,backward_raw,0.0348915195465087,0.1444892787933349,4.141100206333444,5770.072344703731,1393.3669936020667,trace-back-3012,256/8
aux_loss,sparse,-,65536,384,6,softmax,0,float32,forward,0.1328048038482666,1.4402890014648435,10.84515740191459,2463.432816585348,227.1458795195039,trace-back-3012,384/6
aux_loss,sparse,-,65536,384,6,softmax,0,float32,backward_raw,0.0496975994110107,0.2174067115783691,4.374591814392581,6076.548798715067,1389.05503794045,trace-back-3012,384/6
aux_loss,sparse,-,65536,512,10,softmax,0,float32,forward,0.4463513565063476,1.8889030456542968,4.231874773360153,977.2740905600824,230.9317129873662,trace-back-3012,512/10
aux_loss,sparse,-,65536,512,10,softmax,0,float32,backward_raw,0.0659068822860717,0.2839689636230468,4.308639003593992,6109.425450475199,1417.947859029059,trace-back-3012,512/10
aux_loss,sparse,-,65536,512,22,softmax,0,float32,forward,0.4399305725097656,1.9046604919433596,4.329456989264094,991.5373998935185,229.02119188440216,trace-back-3012,512/22
aux_loss,sparse,-,65536,512,22,softmax,0,float32,backward_raw,0.0657545614242553,0.2835382461547852,4.31206961180026,6123.577973580253,1420.1018362093885,trace-back-3012,512/22
aux_loss,sparse,-,65536,896,16,softmax,0,float32,forward,0.733071060180664,2.3397065734863283,3.191650442331896,1041.3224166997816,326.2645566971822,trace-back-3012,896/16
aux_loss,sparse,-,65536,896,16,softmax,0,float32,backward_raw,0.1112176036834716,0.4823798370361328,4.337261558062327,6335.715288430718,1460.7639413983602,trace-back-3012,896/16
aux_loss,sparse,-,65536,2304,16,softmax,0,float32,forward,2.026158447265625,4.071971740722656,2.009700547466034,968.7960359906951,482.0598955462388,trace-back-3012,2304/16
aux_loss,sparse,-,65536,2304,16,softmax,0,float32,backward_raw,0.2788643264770508,1.196583023071289,4.290914647233525,6497.565862548984,1514.2612698526057,trace-back-3012,2304/16
aux_loss,sparse,-,65536,2304,36,softmax,0,float32,forward,2.0667350769042967,4.414232788085937,2.135848390737089,949.775466597404,444.6829984358734,trace-back-3012,2304/36
aux_loss,sparse,-,65536,2304,36,softmax,0,float32,backward_raw,0.2792921638488769,1.196434555053711,4.283809966473293,6487.612480887318,1514.4491776390205,trace-back-3012,2304/36
aux_loss,sparse,-,262144,256,8,softmax,0,float32,forward,0.4985955047607422,3.6349606323242183,7.290399928632537,1749.745482399887,240.0067896862398,trace-back-3012,256/8
aux_loss,sparse,-,262144,256,8,softmax,0,float32,backward_raw,0.1261664009094238,0.5646851348876953,4.475717233886133,6382.890866310261,1426.1157559250423,trace-back-3012,256/8
aux_loss,sparse,-,262144,384,6,softmax,0,float32,forward,0.5106710433959961,5.610604858398437,10.986729972170629,2562.555415904477,233.240957263483,trace-back-3012,384/6
aux_loss,sparse,-,262144,384,6,softmax,0,float32,backward_raw,0.201470718383789,0.8246902465820313,4.093350404454548,5995.707771781074,1464.743346979605,trace-back-3012,384/6
aux_loss,sparse,-,262144,512,10,softmax,0,float32,forward,1.754672698974609,6.541727294921875,3.7281752310528975,994.3908428162352,266.7232040312126,trace-back-3012,512/10
aux_loss,sparse,-,262144,512,10,softmax,0,float32,backward_raw,0.246985912322998,1.0859149169921876,4.3966674324812205,6521.071266176942,1483.1850182711755,trace-back-3012,512/10
aux_loss,sparse,-,262144,512,22,softmax,0,float32,forward,1.7344245910644531,6.639343872070312,3.82798070684388,1005.9996110463128,262.8016408880353,trace-back-3012,512/22
aux_loss,sparse,-,262144,512,22,softmax,0,float32,backward_raw,0.247072639465332,1.0868614196777344,4.398954987608967,6518.782247542197,1481.8933737454431,trace-back-3012,512/22
aux_loss,sparse,-,262144,896,16,softmax,0,float32,forward,2.8922515869140626,8.342666015625,2.8844883527322565,1055.73572016186,366.0045009929895,trace-back-3012,896/16
aux_loss,sparse,-,262144,896,16,softmax,0,float32,backward_raw,0.4289958572387695,1.8683523559570312,4.355175753870154,6570.162020075745,1508.5871136744092,trace-back-3012,896/16
aux_loss,sparse,-,262144,2304,16,softmax,0,float32,forward,7.994951171875,15.2529150390625,1.907818410789036,982.0869345170232,514.769607507274,trace-back-3012,2304/16
aux_loss,sparse,-,262144,2304,16,softmax,0,float32,backward_raw,1.0925424194335938,4.739464111328125,4.338013817152476,6633.845224753334,1529.2356143549282,trace-back-3012,2304/16
aux_loss,sparse,-,262144,2304,36,softmax,0,float32,forward,8.169361572265625,16.55197265625,2.0261035712316517,961.1200359470026,474.3686599213415,trace-back-3012,2304/36
aux_loss,sparse,-,262144,2304,36,softmax,0,float32,backward_raw,1.0925414276123049,4.739412536621094,4.337970549070021,6633.851247031991,1529.2522556323404,trace-back-3012,2304/36
aux_loss,sparse,-,4096,256,8,sigmoid,0,float32,forward,0.0115036797523498,0.0868985557556152,7.553979042042134,1184.9676184888144,156.86668071142432,trace-back-3012,256/8
aux_loss,sparse,-,4096,256,8,sigmoid,0,float32,backward_raw,0.0043193599581718,0.0562460803985595,13.021855308017798,2913.14271601612,223.71180197513357,trace-back-3012,256/8
aux_loss,sparse,-,4096,384,6,sigmoid,0,float32,forward,0.0117558395862579,0.1270764827728271,10.809647566250735,1739.3255368933344,160.90492555222218,trace-back-3012,384/6
aux_loss,sparse,-,4096,384,6,sigmoid,0,float32,backward_raw,0.005019199848175,0.0556966400146484,11.096716946805657,3760.433648973473,338.87803635975104,trace-back-3012,384/6
aux_loss,sparse,-,4096,512,10,sigmoid,0,float32,forward,0.0317075204849243,0.1533638381958008,4.836828482653485,859.8268039584639,177.7666516483054,trace-back-3012,512/10
aux_loss,sparse,-,4096,512,10,sigmoid,0,float32,backward_raw,0.0065673601627349,0.0570259189605712,8.683233071965825,3831.954297679277,441.3050146092356,trace-back-3012,512/10
aux_loss,sparse,-,4096,512,22,sigmoid,0,float32,forward,0.0326499199867248,0.153227195739746,4.6930343413413205,835.0089682022151,177.9251775011645,trace-back-3012,512/22
aux_loss,sparse,-,4096,512,22,sigmoid,0,float32,backward_raw,0.0065628802776336,0.0562156820297241,8.565702809071116,3834.570026481402,447.6655461850224,trace-back-3012,512/22
aux_loss,sparse,-,4096,896,16,sigmoid,0,float32,forward,0.060956802368164,0.1770131111145019,2.90391070787123,782.6888246506453,269.52923260660833,trace-back-3012,896/16
aux_loss,sparse,-,4096,896,16,sigmoid,0,float32,backward_raw,0.0089561599493026,0.0597043180465698,6.666285370575412,4917.307445299586,737.6383055853399,trace-back-3012,896/16
aux_loss,sparse,-,4096,2304,16,sigmoid,0,float32,forward,0.1653759956359863,0.2643366432189941,1.5983978944612545,741.8452208145238,464.1179917623487,trace-back-3012,2304/16
aux_loss,sparse,-,4096,2304,16,sigmoid,0,float32,backward_raw,0.0318095993995666,0.1382249641418457,4.3453852532241815,3560.1268213878475,819.28911107394,trace-back-3012,2304/16
aux_loss,sparse,-,4096,2304,36,sigmoid,0,float32,forward,0.1668582344055175,0.2860012817382812,1.7140375646263215,735.255244891547,428.9609866583295,trace-back-3012,2304/36
aux_loss,sparse,-,4096,2304,36,sigmoid,0,float32,backward_raw,0.0317833590507507,0.1382662391662597,4.350271440645411,3563.066062941043,819.0445381524107,trace-back-3012,2304/36
aux_loss,sparse,-,16384,256,8,sigmoid,0,float32,forward,0.0331135988235473,0.2708796882629394,8.180315576883615,1646.6332243303657,201.2921395090811,trace-back-3012,256/8
aux_loss,sparse,-,16384,256,8,sigmoid,0,float32,backward_raw,0.0104691195487976,0.0641385602951049,6.126452181212448,4807.629501735957,784.7330493297849,trace-back-3012,256/8
aux_loss,sparse,-,16384,384,6,sigmoid,0,float32,forward,0.0338118410110473,0.4253039932250976,12.578551788591984,2418.943351037202,192.3069834820764,trace-back-3012,384/6
aux_loss,sparse,-,16384,384,6,sigmoid,0,float32,backward_raw,0.0131856000423431,0.0918073558807373,6.962698366848289,5725.75171077188,822.3466548592825,trace-back-3012,384/6
aux_loss,sparse,-,16384,512,10,sigmoid,0,float32,forward,0.1087910366058349,0.4109651184082031,3.777564137909512,1002.3978758021232,265.3556205022758,trace-back-3012,512/10
aux_loss,sparse,-,16384,512,10,sigmoid,0,float32,backward_raw,0.0189097595214843,0.123024320602417,6.505863835161023,5323.351462276985,818.2389913399151,trace-back-3012,512/10
aux_loss,sparse,-,16384,512,22,sigmoid,0,float32,forward,0.1095078372955322,0.4130448150634765,3.771828804807638,995.8365236060522,264.01954466669906,trace-back-3012,512/22
aux_loss,sparse,-,16384,512,22,sigmoid,0,float32,backward_raw,0.0185097599029541,0.1231011199951171,6.650605985195444,5438.39015350677,817.72851460647,trace-back-3012,512/22
aux_loss,sparse,-,16384,896,16,sigmoid,0,float32,forward,0.190280647277832,0.5354873657226562,2.8141977304753536,1002.9439920989444,356.3871796348633,trace-back-3012,896/16
aux_loss,sparse,-,16384,896,16,sigmoid,0,float32,backward_raw,0.0353337597846984,0.2206595230102539,6.245005466579641,4985.621939850498,798.3374820936866,trace-back-3012,896/16
aux_loss,sparse,-,16384,2304,16,sigmoid,0,float32,forward,0.5368761444091796,1.0408649444580078,1.938743144572864,914.0535915225688,471.4670914923852,trace-back-3012,2304/16
aux_loss,sparse,-,16384,2304,16,sigmoid,0,float32,backward_raw,0.0944659233093261,0.56657470703125,5.997662301738333,4795.219441371605,799.5147442665759,trace-back-3012,2304/16
aux_loss,sparse,-,16384,2304,36,sigmoid,0,float32,forward,0.5445942306518554,1.1143459320068358,2.046194890226825,901.0994615433466,440.37812128611927,trace-back-3012,2304/36
aux_loss,sparse,-,16384,2304,36,sigmoid,0,float32,backward_raw,0.094429759979248,0.5666947174072265,6.001230094535492,4797.055844466281,799.3454290036823,trace-back-3012,2304/36
aux_loss,sparse,-,65536,256,8,sigmoid,0,float32,forward,0.122107515335083,1.0461264038085938,8.567256494719851,1786.162034347251,208.48705013653944,trace-back-3012,256/8
aux_loss,sparse,-,65536,256,8,sigmoid,0,float32,backward_raw,0.0379081606864929,0.2663267135620117,7.025577309450066,5310.9037303341065,755.9384085334082,trace-back-3012,256/8
aux_loss,sparse,-,65536,384,6,sigmoid,0,float32,forward,0.1229839992523193,1.7096908569335938,13.901734106287416,2660.14858834435,191.3537237876842,trace-back-3012,384/6
aux_loss,sparse,-,65536,384,6,sigmoid,0,float32,backward_raw,0.0509958410263061,0.3958185577392578,7.761781152605665,5921.853271215172,762.9503015847308,trace-back-3012,384/6
aux_loss,sparse,-,65536,512,10,sigmoid,0,float32,forward,0.4314060974121094,2.0147296142578126,4.670146357095184,1011.1299275014738,216.5092590653612,trace-back-3012,512/10
aux_loss,sparse,-,65536,512,10,sigmoid,0,float32,backward_raw,0.0690748786926269,0.5145932769775391,7.449789079868001,5829.227522667792,782.4688001463628,trace-back-3012,512/10
aux_loss,sparse,-,65536,512,22,sigmoid,0,float32,forward,0.4331052780151367,2.0359228515625,4.700757425291284,1007.1630112638684,214.2554742018961,trace-back-3012,512/22
aux_loss,sparse,-,65536,512,22,sigmoid,0,float32,backward_raw,0.0692159986495971,0.5143183898925782,7.430628755301091,5817.342693246591,782.8870052344407,trace-back-3012,512/22
aux_loss,sparse,-,65536,896,16,sigmoid,0,float32,forward,0.7377536010742187,2.549685821533203,3.4560127091493547,1034.7131168028077,299.39505548215607,trace-back-3012,896/16
aux_loss,sparse,-,65536,896,16,sigmoid,0,float32,backward_raw,0.1233113574981689,0.8696466827392578,7.0524459415846685,5714.340400562562,810.2636231308087,trace-back-3012,896/16
aux_loss,sparse,-,65536,2304,16,sigmoid,0,float32,forward,2.0965817260742186,4.214284057617188,2.010073828845345,936.2545936501748,465.7811967971303,trace-back-3012,2304/16
aux_loss,sparse,-,65536,2304,16,sigmoid,0,float32,backward_raw,0.3218016052246094,2.151827545166016,6.686814205491904,5630.60997391642,842.0467207376541,trace-back-3012,2304/16
aux_loss,sparse,-,65536,2304,36,sigmoid,0,float32,forward,2.1321229553222656,4.556535949707032,2.1370887351186187,920.647783046502,430.7953001284253,trace-back-3012,2304/36
aux_loss,sparse,-,65536,2304,36,sigmoid,0,float32,backward_raw,0.3217875289916992,2.1516342163085938,6.686505916032865,5630.856278605938,842.1223804056322,trace-back-3012,2304/36
aux_loss,sparse,-,262144,256,8,sigmoid,0,float32,forward,0.4736652755737304,4.106614074707031,8.669865169518424,1841.839115065551,212.44149465450772,trace-back-3012,256/8
aux_loss,sparse,-,262144,256,8,sigmoid,0,float32,backward_raw,0.1369740772247314,1.0224092864990235,7.464253873538209,5879.261129671602,787.6555686984843,trace-back-3012,256/8
aux_loss,sparse,-,262144,384,6,sigmoid,0,float32,forward,0.4749055862426757,6.664227905273438,14.032742714186629,2755.543177231224,196.3652604024061,trace-back-3012,384/6
aux_loss,sparse,-,262144,384,6,sigmoid,0,float32,backward_raw,0.1890841674804687,1.4887222290039062,7.873330955420592,6388.475397469621,811.4069424544278,trace-back-3012,384/6
aux_loss,sparse,-,262144,512,10,sigmoid,0,float32,forward,1.6855973815917968,7.023384399414063,4.166703434708422,1035.1407062297797,248.43157725292173,trace-back-3012,512/10
aux_loss,sparse,-,262144,512,10,sigmoid,0,float32,backward_raw,0.259747200012207,1.9534521484375,7.520589820970914,6200.693350782252,824.4956178160157,trace-back-3012,512/10
aux_loss,sparse,-,262144,512,22,sigmoid,0,float32,forward,1.702587890625,7.116641235351563,4.179896541340446,1024.8108033703288,245.17611697673348,trace-back-3012,512/22
aux_loss,sparse,-,262144,512,22,sigmoid,0,float32,backward_raw,0.2597609519958496,1.951905212402344,7.514236444719878,6200.365080374875,825.1490522010073,trace-back-3012,512/22
aux_loss,sparse,-,262144,896,16,sigmoid,0,float32,forward,2.9114694213867187,9.131214599609375,3.1362907446440644,1048.7670897624112,334.3972785537888,trace-back-3012,896/16
aux_loss,sparse,-,262144,896,16,sigmoid,0,float32,backward_raw,0.4714527893066406,3.354875183105469,7.116036343828698,5978.482579656039,840.1422211454569,trace-back-3012,896/16
aux_loss,sparse,-,262144,2304,16,sigmoid,0,float32,forward,8.288924560546874,15.791490478515623,1.905131403135096,947.2564300285984,497.2131730492644,trace-back-3012,2304/16
aux_loss,sparse,-,262144,2304,16,sigmoid,0,float32,backward_raw,1.2426179504394532,8.507737426757812,6.846623633393548,5832.651386885907,851.9018569149737,trace-back-3012,2304/16
aux_loss,sparse,-,262144,2304,36,sigmoid,0,float32,forward,8.420684814453125,17.09563720703125,2.030195593794056,932.4345063388914,459.283090353056,trace-back-3012,2304/36
aux_loss,sparse,-,262144,2304,36,sigmoid,0,float32,backward_raw,1.2426236724853517,8.507982788085938,6.846789560244944,5832.624528634544,851.8772889561225,trace-back-3012,2304/36
topk,sparse,-,4096,256,8,softmax,0,float32,backward_raw,0.0049404799938201,0.0505094385147094,10.223589322877396,2759.14243495591,269.88001452501214,trace-back-3129,256/8
topk,sparse,-,4096,384,6,softmax,0,float32,backward_raw,0.0056425601243972,0.0507542419433593,8.99489607986779,3623.750841677405,402.86744944035735,trace-back-3129,384/6
topk,sparse,-,4096,512,10,softmax,0,float32,backward_raw,0.0067180800437927,0.0504281616210937,7.506335335746356,4058.149921150471,540.629979828495,trace-back-3129,512/10
topk,sparse,-,4096,512,22,softmax,0,float32,backward_raw,0.006732479929924,0.0509484815597534,7.567565308780425,4049.4700739951127,535.1087052128419,trace-back-3129,512/22
topk,sparse,-,4096,896,16,softmax,0,float32,backward_raw,0.0079705601930618,0.068536319732666,8.598682912190432,5985.803612841482,696.1302880881158,trace-back-3129,896/16
topk,sparse,-,4096,2304,16,softmax,0,float32,backward_raw,0.0342569589614868,0.1739839935302734,5.078792712624431,3581.269199578576,705.1418323643256,trace-back-3129,2304/16
topk,sparse,-,4096,2304,36,softmax,0,float32,backward_raw,0.0341846394538879,0.1746851158142089,5.110047044662963,3588.8455739160004,702.3116504698844,trace-back-3129,2304/36
topk,sparse,-,16384,256,8,softmax,0,float32,backward_raw,0.0115654397010803,0.0798502397537231,6.904211324214882,4714.559360411239,682.8527023609549,trace-back-3129,256/8
topk,sparse,-,16384,384,6,softmax,0,float32,backward_raw,0.0144419205188751,0.1141939163208007,7.907114304607412,5663.299967141111,716.2284177226513,trace-back-3129,384/6
topk,sparse,-,16384,512,10,softmax,0,float32,backward_raw,0.0234675192832946,0.1506243228912353,6.418416922254627,4646.929344493111,723.9992977677684,trace-back-3129,512/10
topk,sparse,-,16384,512,22,softmax,0,float32,backward_raw,0.0234761595726013,0.151341438293457,6.446601192389466,4645.219064163837,720.5687036523601,trace-back-3129,512/22
topk,sparse,-,16384,896,16,softmax,0,float32,backward_raw,0.0375561594963073,0.2752364730834961,7.328663973497026,5081.478898787934,693.3704311132714,trace-back-3129,896/16
topk,sparse,-,16384,2304,16,softmax,0,float32,backward_raw,0.1039375972747802,0.731957778930664,7.042281119849097,4721.424978707614,670.4397195107691,trace-back-3129,2304/16
topk,sparse,-,16384,2304,36,softmax,0,float32,backward_raw,0.1039424037933349,0.7320681762695312,7.043017570818131,4721.206649941523,670.3386158659118,trace-back-3129,2304/36
topk,sparse,-,65536,256,8,softmax,0,float32,backward_raw,0.0432748794555664,0.3278156661987305,7.575195363289772,5039.963386239901,665.3245420790223,trace-back-3129,256/8
topk,sparse,-,65536,384,6,softmax,0,float32,backward_raw,0.0601574420928955,0.5021529769897461,8.34731264361803,5438.324845906913,651.5060688501712,trace-back-3129,384/6
topk,sparse,-,65536,512,10,softmax,0,float32,backward_raw,0.07965087890625,0.6582422637939453,8.264092911877395,5476.494697734866,662.6855186809297,trace-back-3129,512/10
topk,sparse,-,65536,512,22,softmax,0,float32,backward_raw,0.0794038391113281,0.6582758331298828,8.29022677615055,5493.533069457954,662.6517244693273,trace-back-3129,512/22
topk,sparse,-,65536,896,16,softmax,0,float32,backward_raw,0.1299299240112304,1.1230425262451171,8.643447880012976,5875.192599466301,679.7278911176219,trace-back-3129,896/16
topk,sparse,-,65536,2304,16,softmax,0,float32,backward_raw,0.3751113510131836,2.813256225585937,7.499789643761176,5232.937544273383,697.7445758930704,trace-back-3129,2304/16
topk,sparse,-,65536,2304,36,softmax,0,float32,backward_raw,0.3750041580200195,2.81375244140625,7.503256647239731,5234.433352323548,697.6215260141969,trace-back-3129,2304/36
topk,sparse,-,262144,256,8,softmax,0,float32,backward_raw,0.1554073619842529,1.2932330322265626,8.321568654885237,5613.731684657255,674.6001766579999,trace-back-3129,256/8
topk,sparse,-,262144,384,6,softmax,0,float32,backward_raw,0.2219084739685058,1.9088319396972655,8.60188845230027,5897.128778352669,685.5621077922361,trace-back-3129,384/6
topk,sparse,-,262144,512,10,softmax,0,float32,backward_raw,0.2985980796813965,2.523244781494141,8.450304784901622,5843.408188899708,691.5026543587252,trace-back-3129,512/10
topk,sparse,-,262144,512,22,softmax,0,float32,backward_raw,0.2986108779907226,2.524401245117188,8.453815420601043,5843.157743416867,691.1858672922662,trace-back-3129,512/22
topk,sparse,-,262144,896,16,softmax,0,float32,backward_raw,0.4758697509765625,4.366913452148437,9.176698966863974,6416.573664818608,699.2246000427967,trace-back-3129,896/16
topk,sparse,-,262144,2304,16,softmax,0,float32,backward_raw,1.4432345581054689,11.158226318359375,7.731401840187888,5440.374916123794,703.6725070794641,trace-back-3129,2304/16
topk,sparse,-,262144,2304,36,softmax,0,float32,backward_raw,1.4432575988769532,11.203214111328125,7.762449420010481,5440.288063689877,700.846829309521,trace-back-3129,2304/36
topk,sparse,-,4096,256,8,sigmoid,0,float32,backward_raw,0.0054588800668716,0.0794176006317138,14.54833219613602,2497.121723322984,171.64316085566216,trace-back-3129,256/8
topk,sparse,-,4096,384,6,sigmoid,0,float32,backward_raw,0.006211199760437,0.0794710397720337,12.7947969534379,3291.993944590402,257.29161287751884,trace-back-3129,384/6
topk,sparse,-,4096,512,10,sigmoid,0,float32,backward_raw,0.0079743999242782,0.0807814407348632,10.130096496530374,3418.812231500603,337.49058882820805,trace-back-3129,512/10
topk,sparse,-,4096,512,22,sigmoid,0,float32,backward_raw,0.0084339201450347,0.0797443199157714,9.455190296379374,3232.539024696628,341.87984835529386,trace-back-3129,512/22
topk,sparse,-,4096,896,16,sigmoid,0,float32,backward_raw,0.0093379199504852,0.0977110385894775,10.463897646113375,5109.297172495125,488.2785884658266,trace-back-3129,896/16
topk,sparse,-,4096,2304,16,sigmoid,0,float32,backward_raw,0.0405148792266845,0.2346425628662109,5.791515792342948,3028.107064408975,522.8522502541532,trace-back-3129,2304/16
topk,sparse,-,4096,2304,36,sigmoid,0,float32,backward_raw,0.0427574396133422,0.2343728065490722,5.481450916343858,2869.287616598004,523.4540380618471,trace-back-3129,2304/36
topk,sparse,-,16384,256,8,sigmoid,0,float32,backward_raw,0.0136195194721221,0.1093433570861816,8.028429880363744,4003.515110177655,498.667257463332,trace-back-3129,256/8
topk,sparse,-,16384,384,6,sigmoid,0,float32,backward_raw,0.0163916802406311,0.1548374366760254,9.44609914316288,4989.661023112479,528.2245027804956,trace-back-3129,384/6
topk,sparse,-,16384,512,10,sigmoid,0,float32,backward_raw,0.0262335991859436,0.2039849662780761,7.77571406928313,4156.9554839593575,534.6075546142865,trace-back-3129,512/10
topk,sparse,-,16384,512,22,sigmoid,0,float32,backward_raw,0.0268678402900695,0.2049852752685547,7.629391609280846,4058.8265682190254,531.9987196989113,trace-back-3129,512/22
topk,sparse,-,16384,896,16,sigmoid,0,float32,backward_raw,0.0402425622940063,0.3648198318481445,9.06552195118252,4742.263442515027,523.109807471862,trace-back-3129,896/16
topk,sparse,-,16384,2304,16,sigmoid,0,float32,backward_raw,0.122772798538208,0.9338604736328124,7.6064118823697475,3997.087089672223,525.4891730142473,trace-back-3129,2304/16
topk,sparse,-,16384,2304,36,sigmoid,0,float32,backward_raw,0.130034875869751,0.934065628051758,7.183193138026768,3773.8611639199135,525.3737566851221,trace-back-3129,2304/36
topk,sparse,-,65536,256,8,sigmoid,0,float32,backward_raw,0.0495347213745117,0.431976318359375,8.72067726178127,4403.049052219483,504.8976037120452,trace-back-3129,256/8
topk,sparse,-,65536,384,6,sigmoid,0,float32,backward_raw,0.065316801071167,0.6467632293701172,9.901942819664816,5008.7528267580365,505.835361603066,trace-back-3129,384/6
topk,sparse,-,65536,512,10,sigmoid,0,float32,backward_raw,0.0880150413513183,0.8432080078125,9.580271677050913,4956.057615866428,517.3191098263352,trace-back-3129,512/10
topk,sparse,-,65536,512,22,sigmoid,0,float32,backward_raw,0.091374397277832,0.8425529479980469,9.22088651853089,4773.849447933119,517.7213100214695,trace-back-3129,512/22
topk,sparse,-,65536,896,16,sigmoid,0,float32,backward_raw,0.1389676761627197,1.4338957214355468,10.318196008088764,5493.099899764923,532.3701832625302,trace-back-3129,896/16
topk,sparse,-,65536,2304,16,sigmoid,0,float32,backward_raw,0.4492208099365234,3.581280212402344,7.972204611154127,4369.642341986272,548.1096578821606,trace-back-3129,2304/16
topk,sparse,-,65536,2304,36,sigmoid,0,float32,backward_raw,0.4800812911987304,3.581881103515625,7.460988730829128,4088.753942272331,548.0177078109531,trace-back-3129,2304/36
topk,sparse,-,262144,256,8,sigmoid,0,float32,backward_raw,0.182366714477539,1.665494079589844,9.132664830647986,4783.851233485098,523.8176722998901,trace-back-3129,256/8
topk,sparse,-,262144,384,6,sigmoid,0,float32,backward_raw,0.2420963287353515,2.4481443786621093,10.11227386821841,5405.380803731747,534.5366308481985,trace-back-3129,384/6
topk,sparse,-,262144,512,10,sigmoid,0,float32,backward_raw,0.332479362487793,3.228700866699219,9.710981284794064,5247.936145402293,540.4125485876255,trace-back-3129,512/10
topk,sparse,-,262144,512,22,sigmoid,0,float32,backward_raw,0.346295051574707,3.227851257324218,9.321101305508742,5038.565974494106,540.5547916871506,trace-back-3129,512/22
topk,sparse,-,262144,896,16,sigmoid,0,float32,backward_raw,0.5080099105834961,5.569436645507812,10.963244081421172,6010.617604866858,548.2517364593508,trace-back-3129,896/16
topk,sparse,-,262144,2304,16,sigmoid,0,float32,backward_raw,1.7374575805664063,14.2020458984375,8.174038927504448,4519.095703873447,552.8595770038909,trace-back-3129,2304/16
topk,sparse,-,262144,2304,36,sigmoid,0,float32,backward_raw,1.8568386840820312,14.193809814453124,7.644072657539524,4228.551007316868,553.1803786749921,trace-back-3129,2304/36
aux_loss,sparse,-,4096,256,8,softmax,0,float32,forward,0.011605759859085,0.0760502386093139,6.552801327332412,1174.545067751782,179.24319830247757,trace-back-3129,256/8
aux_loss,sparse,-,4096,256,8,softmax,0,float32,backward_raw,0.0037775999307632,0.0229971194267272,6.087759383795003,3330.9276341122986,547.1516569756174,trace-back-3129,256/8
aux_loss,sparse,-,4096,384,6,softmax,0,float32,forward,0.0121260797977447,0.1050857639312744,8.666095365034513,1686.2194823922275,194.57661280715809,trace-back-3129,384/6
aux_loss,sparse,-,4096,384,6,softmax,0,float32,backward_raw,0.0042976000905036,0.0229920005798339,5.349962792172979,4391.8390735578805,820.9102089426045,trace-back-3129,384/6
aux_loss,sparse,-,4096,512,10,softmax,0,float32,forward,0.0329219198226928,0.1417424011230468,4.305411163335156,828.1101511342544,192.3417113297873,trace-back-3129,512/10
aux_loss,sparse,-,4096,512,10,softmax,0,float32,backward_raw,0.0054022401571273,0.02337984085083,4.327804794087906,4658.405266711027,1076.3898762427425,trace-back-3129,512/10
aux_loss,sparse,-,4096,512,22,softmax,0,float32,forward,0.0327747201919555,0.1415878391265869,4.32003197273181,831.8294051124071,192.5516779419557,trace-back-3129,512/22
aux_loss,sparse,-,4096,512,22,softmax,0,float32,backward_raw,0.0054102402925491,0.023030400276184,4.256816524009304,4651.516871562587,1092.7219543823635,trace-back-3129,512/22
aux_loss,sparse,-,4096,896,16,softmax,0,float32,forward,0.0581014394760131,0.1619599914550781,2.7875383624865657,821.1536311367441,294.5802081820503,trace-back-3129,896/16
aux_loss,sparse,-,4096,896,16,softmax,0,float32,backward_raw,0.0069356799125671,0.0286947202682495,4.1372613254911,6349.801685657546,1534.7838065084793,trace-back-3129,896/16
aux_loss,sparse,-,4096,2304,16,softmax,0,float32,forward,0.1595977592468261,0.2555228805541992,1.6010430331858223,768.7037247826506,480.1268353499854,trace-back-3129,2304/16
aux_loss,sparse,-,4096,2304,16,softmax,0,float32,backward_raw,0.0249187207221984,0.0743299198150634,2.982894693660888,4544.623669188452,1523.5615520878025,trace-back-3129,2304/16
aux_loss,sparse,-,4096,2304,36,softmax,0,float32,forward,0.1625472068786621,0.2764355278015136,1.7006476648218671,754.7554606187754,443.8047199493445,trace-back-3129,2304/36
aux_loss,sparse,-,4096,2304,36,softmax,0,float32,backward_raw,0.024889600276947,0.0745056009292602,2.993443048511632,4549.940808205332,1519.9690571923877,trace-back-3129,2304/36
aux_loss,sparse,-,16384,256,8,softmax,0,float32,forward,0.0353958392143249,0.2391363143920898,6.756057200511569,1540.4621901981336,228.0120112188348,trace-back-3129,256/8
aux_loss,sparse,-,16384,256,8,softmax,0,float32,backward_raw,0.0084236800670623,0.0309814405441284,3.677898530984059,5975.018946505687,1624.5741681478662,trace-back-3129,256/8
aux_loss,sparse,-,16384,384,6,softmax,0,float32,forward,0.0364204788208007,0.3588019180297851,9.851652961379056,2245.685137815596,227.9500857997377,trace-back-3129,384/6
aux_loss,sparse,-,16384,384,6,softmax,0,float32,backward_raw,0.0105139195919036,0.0505660820007324,4.809441574926174,7180.7161297046,1493.0457139017904,trace-back-3129,384/6
aux_loss,sparse,-,16384,512,10,softmax,0,float32,forward,0.1116262435913086,0.3825196838378906,3.426789897529744,976.9378641752572,285.08834605806976,trace-back-3129,512/10
aux_loss,sparse,-,16384,512,10,softmax,0,float32,backward_raw,0.0162540805339813,0.0671280002593994,4.129916799603606,6193.109218915826,1499.572393204204,trace-back-3129,512/10
aux_loss,sparse,-,16384,512,22,softmax,0,float32,forward,0.111755838394165,0.3859206390380859,3.453248121829092,975.8049831398675,282.5759831653829,trace-back-3129,512/22
aux_loss,sparse,-,16384,512,22,softmax,0,float32,backward_raw,0.0161919999122619,0.0670998382568359,4.144011772506386,6216.853788627381,1500.2017682172984,trace-back-3129,512/22
aux_loss,sparse,-,16384,896,16,softmax,0,float32,forward,0.1882060813903808,0.4905718231201172,2.606567330322144,1013.9992851992604,389.0171082110282,trace-back-3129,896/16
aux_loss,sparse,-,16384,896,16,softmax,0,float32,backward_raw,0.0315977597236633,0.1182307243347167,3.74174388844962,5575.103094035952,1489.9745306582113,trace-back-3129,896/16
aux_loss,sparse,-,16384,2304,16,softmax,0,float32,forward,0.5222380828857421,0.9993417358398438,1.9135749930716648,939.6740377268984,491.0568131006647,trace-back-3129,2304/16
aux_loss,sparse,-,16384,2304,16,softmax,0,float32,backward_raw,0.0775011205673217,0.3125910377502441,4.033374426873095,5844.881063448782,1449.1293008916286,trace-back-3129,2304/16
aux_loss,sparse,-,16384,2304,36,softmax,0,float32,forward,0.531558723449707,1.0732745361328124,2.01910812255602,923.1972806602436,457.2302346501157,trace-back-3129,2304/36
aux_loss,sparse,-,16384,2304,36,softmax,0,float32,backward_raw,0.0775171184539794,0.3125958442687988,4.032604029965088,5843.6748041521805,1449.1070188715678,trace-back-3129,2304/36
aux_loss,sparse,-,65536,256,8,softmax,0,float32,forward,0.128405122756958,0.9304528045654296,7.246228067758382,1698.5600209488637,234.40609446264813,trace-back-3129,256/8
aux_loss,sparse,-,65536,256,8,softmax,0,float32,backward_raw,0.0349388790130615,0.1443062400817871,4.130248140698497,5762.251042019298,1395.1343468300192,trace-back-3129,256/8
aux_loss,sparse,-,65536,384,6,softmax,0,float32,forward,0.1326480007171631,1.4395631408691407,10.85250537577743,2466.3448392077416,227.2604116568855,trace-back-3129,384/6
aux_loss,sparse,-,65536,384,6,softmax,0,float32,backward_raw,0.0497868776321411,0.2174985694885254,4.368592284407769,6065.652283545559,1388.468387218207,trace-back-3129,384/6
aux_loss,sparse,-,65536,512,10,softmax,0,float32,forward,0.4474729537963867,1.8896665954589844,4.222973879039934,974.8245392245252,230.838401360452,trace-back-3129,512/10
aux_loss,sparse,-,65536,512,10,softmax,0,float32,backward_raw,0.0659299182891845,0.2839356803894043,4.306628731799632,6107.290808914183,1418.114072341244,trace-back-3129,512/10
aux_loss,sparse,-,65536,512,22,softmax,0,float32,forward,0.4390768051147461,1.9053584289550785,4.339465001930907,993.465404955754,228.9373009146744,trace-back-3129,512/22
aux_loss,sparse,-,65536,512,22,softmax,0,float32,backward_raw,0.0657814407348632,0.2836144065856933,4.311465413608394,6121.075785234349,1419.7204889813645,trace-back-3129,512/22
aux_loss,sparse,-,65536,896,16,softmax,0,float32,forward,0.7348928070068359,2.3406271362304687,3.184991217649374,1038.7410527381842,326.13623767063586,trace-back-3129,896/16
aux_loss,sparse,-,65536,896,16,softmax,0,float32,backward_raw,0.111309118270874,0.4823164749145507,4.333126363833189,6330.506277888486,1460.9558425820671,trace-back-3129,896/16
aux_loss,sparse,-,65536,2304,16,softmax,0,float32,forward,2.020333404541016,4.072272338867188,2.015643719850455,971.589277090602,482.02431189708767,trace-back-3129,2304/16
aux_loss,sparse,-,65536,2304,16,softmax,0,float32,backward_raw,0.2795088005065917,1.1968307495117188,4.281907214880317,6482.584178802156,1513.947839942475,trace-back-3129,2304/16
aux_loss,sparse,-,65536,2304,36,softmax,0,float32,forward,2.066892547607422,4.414224243164062,2.135681532295352,949.7031058882276,444.6838592397817,trace-back-3129,2304/36
aux_loss,sparse,-,65536,2304,36,softmax,0,float32,backward_raw,0.2796518325805664,1.196746597290039,4.279416252154406,6479.268565057548,1514.054296960633,trace-back-3129,2304/36
aux_loss,sparse,-,262144,256,8,softmax,0,float32,forward,0.4985651016235352,3.635567626953125,7.292061989726529,1749.8521841160832,239.96671813560752,trace-back-3129,256/8
aux_loss,sparse,-,262144,256,8,softmax,0,float32,backward_raw,0.1259337615966796,0.5649420928955078,4.486025714889809,6394.682075638344,1425.4671020750975,trace-back-3129,256/8
aux_loss,sparse,-,262144,384,6,softmax,0,float32,forward,0.5108111953735351,5.608880615234375,10.98034002785086,2561.8523240138816,233.3126585803284,trace-back-3129,384/6
aux_loss,sparse,-,262144,384,6,softmax,0,float32,backward_raw,0.2030672073364257,0.8247014617919922,4.061224225266917,5948.570268161257,1464.7234277664877,trace-back-3129,384/6
aux_loss,sparse,-,262144,512,10,softmax,0,float32,forward,1.752019805908203,6.541484375,3.733681750023972,995.8965407331816,266.7331088748492,trace-back-3129,512/10
aux_loss,sparse,-,262144,512,10,softmax,0,float32,backward_raw,0.2470531272888183,1.085384292602539,4.393323430120625,6519.297098866947,1483.9101201087644,trace-back-3129,512/10
aux_loss,sparse,-,262144,512,22,softmax,0,float32,forward,1.7326470947265624,6.628292236328125,3.825529305131908,1007.031650767498,263.23982132788154,trace-back-3129,512/22
aux_loss,sparse,-,262144,512,22,softmax,0,float32,backward_raw,0.2472208023071289,1.086258544921875,4.393880024595937,6514.875451294319,1482.7158262914631,trace-back-3129,512/22
aux_loss,sparse,-,262144,896,16,softmax,0,float32,forward,2.892282104492188,8.341838989257813,2.8841719748919274,1055.7245806892372,366.040787400965,trace-back-3129,896/16
aux_loss,sparse,-,262144,896,16,softmax,0,float32,backward_raw,0.4286441421508789,1.8673820495605469,4.356485639090444,6575.553030671973,1509.3709874009432,trace-back-3129,896/16
aux_loss,sparse,-,262144,2304,16,softmax,0,float32,forward,7.986204833984375,15.252894287109376,1.9099052183338,983.1624972337096,514.7703078645022,trace-back-3129,2304/16
aux_loss,sparse,-,262144,2304,16,softmax,0,float32,backward_raw,1.0937350463867188,4.7389437866210935,4.332807842517936,6626.611569176475,1529.4035207722334,trace-back-3129,2304/16
aux_loss,sparse,-,262144,2304,36,softmax,0,float32,forward,8.162169189453126,16.5528271484375,2.027993633092842,961.9669607125694,474.3441720009239,trace-back-3129,2304/36
aux_loss,sparse,-,262144,2304,36,softmax,0,float32,backward_raw,1.0938489532470703,4.739068298339844,4.332470478919423,6625.921513646987,1529.363338050853,trace-back-3129,2304/36
aux_loss,sparse,-,4096,256,8,sigmoid,0,float32,forward,0.0115615999698638,0.0879174423217773,7.604262606467983,1179.0312790211922,155.04873253829237,trace-back-3129,256/8
aux_loss,sparse,-,4096,256,8,sigmoid,0,float32,backward_raw,0.0043270400166511,0.0558505582809448,12.907335745919337,2907.972182272156,225.2960827482553,trace-back-3129,256/8
aux_loss,sparse,-,4096,384,6,sigmoid,0,float32,forward,0.0118288004398345,0.1262316799163818,10.67155376899291,1728.5972575158196,161.98177837405487,trace-back-3129,384/6
aux_loss,sparse,-,4096,384,6,sigmoid,0,float32,backward_raw,0.0050182402133941,0.0558451223373413,11.128427489039945,3761.1527542309545,337.977019478736,trace-back-3129,384/6
aux_loss,sparse,-,4096,512,10,sigmoid,0,float32,forward,0.0316831994056701,0.1530684757232666,4.83121902442317,860.486835654637,178.10967196987636,trace-back-3129,512/10
aux_loss,sparse,-,4096,512,10,sigmoid,0,float32,backward_raw,0.0065849602222442,0.0560291194915771,8.508649650199633,3821.712379520354,449.1561571618696,trace-back-3129,512/10
aux_loss,sparse,-,4096,512,22,sigmoid,0,float32,forward,0.0320323204994201,0.1529622364044189,4.775246813829419,851.108367265915,178.233377341052,trace-back-3129,512/22
aux_loss,sparse,-,4096,512,22,sigmoid,0,float32,backward_raw,0.0065580797195434,0.055959038734436,8.53283905160147,3837.376957313341,449.7186615272122,trace-back-3129,512/22
aux_loss,sparse,-,4096,896,16,sigmoid,0,float32,forward,0.0609376001358032,0.1772435188293457,2.9086068114652943,782.9354601046782,269.17885807681654,trace-back-3129,896/16
aux_loss,sparse,-,4096,896,16,sigmoid,0,float32,backward_raw,0.0089689600467681,0.0599558401107788,6.684815162308909,4910.289684685253,734.5438228974543,trace-back-3129,896/16
aux_loss,sparse,-,4096,2304,16,sigmoid,0,float32,forward,0.1677312088012695,0.2646067237854004,1.5775640423536827,731.4285330487131,463.6442726961764,trace-back-3129,2304/16
aux_loss,sparse,-,4096,2304,16,sigmoid,0,float32,backward_raw,0.0318048000335693,0.1377292823791504,4.330455850493632,3560.6640469511167,822.2376973420093,trace-back-3129,2304/16
aux_loss,sparse,-,4096,2304,36,sigmoid,0,float32,forward,0.1664739227294921,0.285126724243164,1.712741068200056,736.9526108863995,430.2767210812978,trace-back-3129,2304/36
aux_loss,sparse,-,4096,2304,36,sigmoid,0,float32,backward_raw,0.0318153595924377,0.1377769565582275,4.3305170308675685,3559.4822579631536,821.9531830937179,trace-back-3129,2304/36
aux_loss,sparse,-,16384,256,8,sigmoid,0,float32,forward,0.0331123208999633,0.2711487960815429,8.188758405087903,1646.6967738301996,201.0923625255645,trace-back-3129,256/8
aux_loss,sparse,-,16384,256,8,sigmoid,0,float32,backward_raw,0.0104473602771759,0.0648579216003418,6.208067863997698,4817.642606808376,776.0293077250681,trace-back-3129,256/8
aux_loss,sparse,-,16384,384,6,sigmoid,0,float32,forward,0.0337462401390075,0.4251875305175781,12.599552683977384,2423.645646540027,192.3596581029525,trace-back-3129,384/6
aux_loss,sparse,-,16384,384,6,sigmoid,0,float32,backward_raw,0.0131369602680206,0.0912620830535888,6.946971079432175,5746.951384467827,827.2600128540577,trace-back-3129,384/6
aux_loss,sparse,-,16384,512,10,sigmoid,0,float32,forward,0.1077625560760498,0.4108684921264648,3.812720364915141,1011.9647117783684,265.41802569381235,trace-back-3129,512/10
aux_loss,sparse,-,16384,512,10,sigmoid,0,float32,backward_raw,0.018626559972763,0.1220374393463134,6.551796978334398,5404.288078270827,824.8558519352516,trace-back-3129,512/10
aux_loss,sparse,-,16384,512,22,sigmoid,0,float32,forward,0.1089212799072265,0.413240966796875,3.7939415250064266,1001.1992522754476,263.89422337597887,trace-back-3129,512/22
aux_loss,sparse,-,16384,512,22,sigmoid,0,float32,backward_raw,0.0190425598621368,0.1230998420715332,6.4644587157789655,5286.227100178545,817.7370036064274,trace-back-3129,512/22
aux_loss,sparse,-,16384,896,16,sigmoid,0,float32,forward,0.1891084861755371,0.5362675094604492,2.835766497346221,1009.1605927343464,355.8687196843405,trace-back-3129,896/16
aux_loss,sparse,-,16384,896,16,sigmoid,0,float32,backward_raw,0.0352492809295654,0.2206886482238769,6.260798586639359,4997.570541992097,798.2321221220867,trace-back-3129,896/16
aux_loss,sparse,-,16384,2304,16,sigmoid,0,float32,forward,0.5399798583984375,1.0406297302246097,1.9271639748028435,908.7997642273168,471.573657514167,trace-back-3129,2304/16
aux_loss,sparse,-,16384,2304,16,sigmoid,0,float32,backward_raw,0.0938326358795166,0.566165771484375,6.033783088128801,4827.5829380051055,800.0922253077276,trace-back-3129,2304/16
aux_loss,sparse,-,16384,2304,36,sigmoid,0,float32,forward,0.542852783203125,1.1147090911865234,2.0534279747248174,903.9901483131514,440.2346512466776,trace-back-3129,2304/36
aux_loss,sparse,-,16384,2304,36,sigmoid,0,float32,backward_raw,0.0937324810028076,0.5662073516845703,6.040673901159304,4832.741298999986,800.0334694565292,trace-back-3129,2304/36
aux_loss,sparse,-,65536,256,8,sigmoid,0,float32,forward,0.1220528030395507,1.0471542358398438,8.579518124631003,1786.9627126000887,208.2824101122748,trace-back-3129,256/8
aux_loss,sparse,-,65536,256,8,sigmoid,0,float32,backward_raw,0.0379609608650207,0.2671311950683593,7.036997720321359,5303.516755433687,753.6618549865739,trace-back-3129,256/8
aux_loss,sparse,-,65536,384,6,sigmoid,0,float32,forward,0.1229171180725097,1.7088630676269532,13.90256373094333,2661.596017952587,191.4464173272299,trace-back-3129,384/6
aux_loss,sparse,-,65536,384,6,sigmoid,0,float32,backward_raw,0.0510486412048339,0.3959519958496094,7.75636699634848,5915.728232378562,762.6931829248864,trace-back-3129,384/6
aux_loss,sparse,-,65536,512,10,sigmoid,0,float32,forward,0.4269116973876953,2.0153660583496094,4.720803085700826,1021.7748041789137,216.44088635551003,trace-back-3129,512/10
aux_loss,sparse,-,65536,512,10,sigmoid,0,float32,backward_raw,0.0692467212677001,0.5141126251220703,7.424360543144961,5814.761719091178,783.2003423459878,trace-back-3129,512/10
aux_loss,sparse,-,65536,512,22,sigmoid,0,float32,forward,0.4356275177001953,2.036634521484375,4.675174176866426,1001.331638329156,214.1806059940866,trace-back-3129,512/22
aux_loss,sparse,-,65536,512,22,sigmoid,0,float32,backward_raw,0.0691500806808471,0.5135919952392578,7.427207462123899,5822.888130216235,783.994275090723,trace-back-3129,512/22
aux_loss,sparse,-,65536,896,16,sigmoid,0,float32,forward,0.7361644744873047,2.550099182128906,3.464034560897414,1036.9467075026105,299.3465247742714,trace-back-3129,896/16
aux_loss,sparse,-,65536,896,16,sigmoid,0,float32,backward_raw,0.1232073593139648,0.868814697265625,7.051646120031321,5719.163822060204,811.0395395217026,trace-back-3129,896/16
aux_loss,sparse,-,65536,2304,16,sigmoid,0,float32,forward,2.105307159423828,4.2148095703125,2.001992702796865,932.3742919000988,465.7231220660965,trace-back-3129,2304/16
aux_loss,sparse,-,65536,2304,16,sigmoid,0,float32,backward_raw,0.3221196746826172,2.151887969970703,6.680399053832855,5625.050161202646,842.0230761477181,trace-back-3129,2304/16
aux_loss,sparse,-,65536,2304,36,sigmoid,0,float32,forward,2.1333071899414064,4.556928405761719,2.13608636733038,920.1367160131842,430.7581987722459,trace-back-3129,2304/36
aux_loss,sparse,-,65536,2304,36,sigmoid,0,float32,backward_raw,0.3221791839599609,2.1515402221679687,6.67808576495542,5624.011165864707,842.1591701289344,trace-back-3129,2304/36
aux_loss,sparse,-,262144,256,8,sigmoid,0,float32,forward,0.4737500762939453,4.105261535644531,8.66545831033779,1841.5094279767395,212.511486643452,trace-back-3129,256/8
aux_loss,sparse,-,262144,256,8,sigmoid,0,float32,backward_raw,0.1372748756408691,1.0222291564941406,7.446585922746995,5866.378419506257,787.7943638018467,trace-back-3129,256/8
aux_loss,sparse,-,262144,384,6,sigmoid,0,float32,forward,0.4749465560913086,6.664078979492188,14.03121865823366,2755.3054785145487,196.3696486832032,trace-back-3129,384/6
aux_loss,sparse,-,262144,384,6,sigmoid,0,float32,backward_raw,0.1891075134277343,1.4887898254394532,7.872716416465281,6387.686719076924,811.3701016484584,trace-back-3129,384/6
aux_loss,sparse,-,262144,512,10,sigmoid,0,float32,forward,1.6873983764648437,7.0242724609375,4.1627825171039845,1034.035879337207,248.4001686584812,trace-back-3129,512/10
aux_loss,sparse,-,262144,512,10,sigmoid,0,float32,backward_raw,0.2596832084655762,1.9547004699707031,7.527250150368578,6202.221335437265,823.969073903246,trace-back-3129,512/10
aux_loss,sparse,-,262144,512,22,sigmoid,0,float32,forward,1.7089231872558597,7.107335815429687,4.1589556911814425,1021.0116387979962,245.49711865479276,trace-back-3129,512/22
aux_loss,sparse,-,262144,512,22,sigmoid,0,float32,backward_raw,0.2598620796203613,1.9528416442871093,7.51491578586634,6197.952153515366,824.7533745051607,trace-back-3129,512/22
aux_loss,sparse,-,262144,896,16,sigmoid,0,float32,forward,2.9079684448242187,9.131276245117188,3.140087803005426,1050.0297269163027,334.39502102817096,trace-back-3129,896/16
aux_loss,sparse,-,262144,896,16,sigmoid,0,float32,backward_raw,0.4715840148925781,3.354072265625,7.112353599154591,5976.81897390445,840.3433393152562,trace-back-3129,896/16
aux_loss,sparse,-,262144,2304,16,sigmoid,0,float32,forward,8.326039428710937,16.339383544921876,1.9624436906433904,943.0338584423002,480.5405948402652,trace-back-3129,2304/16
aux_loss,sparse,-,262144,2304,16,sigmoid,0,float32,backward_raw,1.2427094268798828,8.544432373046876,6.875647829034099,5832.222042603488,848.2432765063255,trace-back-3129,2304/16
aux_loss,sparse,-,262144,2304,36,sigmoid,0,float32,forward,8.405761108398437,17.09642822265625,2.0338941354846165,934.0899636268636,459.26184029450366,trace-back-3129,2304/36
aux_loss,sparse,-,262144,2304,36,sigmoid,0,float32,backward_raw,1.2424575805664062,8.506907348632813,6.846839265735512,5833.404234771479,851.9849829050769,trace-back-3129,2304/36
topk,dense,int16,4096,256,8,softmax,0,float32,forward,0.0127945601940155,0.0847539234161376,6.62421545804914,988.5801315715528,160.83607047982957,trace-back-3129,256/8
topk,dense,int16,4096,384,6,softmax,0,float32,forward,0.0124620795249938,0.1284844779968261,10.310035154176171,1518.4881433349117,159.1416513402116,trace-back-3129,384/6
topk,dense,int16,4096,512,10,softmax,0,float32,forward,0.0332675194740295,0.1524489593505859,4.5825165735484426,758.9307648774289,178.83346738565464,trace-back-3129,512/10
topk,dense,int16,4096,512,22,softmax,0,float32,forward,0.0321161603927612,0.1524656009674072,4.74731721048983,789.1991972275998,178.8139477168233,trace-back-3129,512/22
topk,dense,int16,4096,896,16,softmax,0,float32,forward,0.0595203208923339,0.172488956451416,2.8979843163720576,742.1207301603965,276.5986239440104,trace-back-3129,896/16
topk,dense,int16,4096,2304,16,softmax,0,float32,forward,0.1490515232086181,0.255707836151123,1.715566742603661,760.6583116987865,479.7795556311941,trace-back-3129,2304/16
topk,dense,int16,4096,2304,36,softmax,0,float32,forward,0.151155195236206,0.2754070472717285,1.822015094098205,751.1559217172287,445.46206502462974,trace-back-3129,2304/36
topk,dense,int16,16384,256,8,softmax,0,float32,forward,0.0356108808517456,0.2498547172546386,7.016246475194705,1420.73969500027,218.23062857936773,trace-back-3129,256/8
topk,dense,int16,16384,384,6,softmax,0,float32,forward,0.0357337594032287,0.4241625595092773,11.870079347737246,2118.27922010245,192.8244871367792,trace-back-3129,384/6
topk,dense,int16,16384,512,10,softmax,0,float32,forward,0.1068163204193115,0.4048233413696289,3.7899015785273216,945.4639104170232,269.381463111903,trace-back-3129,512/10
topk,dense,int16,16384,512,22,softmax,0,float32,forward,0.1043878364562988,0.4096713638305664,3.9245124502802793,971.2261068122024,266.1936215905541,trace-back-3129,512/22
topk,dense,int16,16384,896,16,softmax,0,float32,forward,0.1828284835815429,0.5164742279052734,2.824911183354654,966.3978639367592,369.5069796106112,trace-back-3129,896/16
topk,dense,int16,16384,2304,16,softmax,0,float32,forward,0.4854054260253906,0.9480147552490236,1.953036996334348,934.2893500664696,517.6433861212367,trace-back-3129,2304/16
topk,dense,int16,16384,2304,36,softmax,0,float32,forward,0.4981078338623046,1.0294214630126952,2.0666638688064984,911.7794363490132,476.7081177458878,trace-back-3129,2304/36
topk,dense,int16,65536,256,8,softmax,0,float32,forward,0.1306409645080566,0.9586486053466796,7.338039863350517,1549.0942581606514,227.51173556563649,trace-back-3129,256/8
topk,dense,int16,65536,384,6,softmax,0,float32,forward,0.1336835193634033,1.678705291748047,12.557309231100351,2264.87394588212,194.8857334328949,trace-back-3129,384/6
topk,dense,int16,65536,512,10,softmax,0,float32,forward,0.4267897415161132,1.9368389892578124,4.538157319286663,946.5173707431966,225.2162510251576,trace-back-3129,512/10
topk,dense,int16,65536,512,22,softmax,0,float32,forward,0.412485122680664,1.9618284606933596,4.756119318786096,983.1548962650872,222.34748080157493,trace-back-3129,512/22
topk,dense,int16,65536,896,16,softmax,0,float32,forward,0.7064041900634765,2.412606658935547,3.4153345816348475,1000.4756964090108,316.40604371737885,trace-back-3129,896/16
topk,dense,int16,65536,2304,16,softmax,0,float32,forward,1.8500764465332031,3.826567687988281,2.0683294980371,980.5197419810748,512.9751861339637,trace-back-3129,2304/16
topk,dense,int16,65536,2304,36,softmax,0,float32,forward,1.898766021728516,4.2173941040039065,2.221123643325289,956.757125001758,465.43771428343183,trace-back-3129,2304/36
topk,dense,int16,262144,256,8,softmax,0,float32,forward,0.506209602355957,3.722158203125,7.352998018610577,1599.1412810671543,234.3842427942878,trace-back-3129,256/8
topk,dense,int16,262144,384,6,softmax,0,float32,forward,0.5155519866943359,6.53206298828125,12.67003746831457,2349.14288230267,200.33836941678535,trace-back-3129,384/6
topk,dense,int16,262144,512,10,softmax,0,float32,forward,1.6682208251953126,6.733023071289063,4.036050245626667,968.610145368985,259.1451782543715,trace-back-3129,512/10
topk,dense,int16,262144,512,22,softmax,0,float32,forward,1.6028524780273437,6.850235595703125,4.273777961234349,1012.0376605066004,254.71101535463416,trace-back-3129,512/22
topk,dense,int16,262144,896,16,softmax,0,float32,forward,2.766233215332031,8.597329711914062,3.1079554913384717,1021.953203486742,355.1629883135186,trace-back-3129,896/16
topk,dense,int16,262144,2304,16,softmax,0,float32,forward,7.24037109375,14.2539892578125,1.968682139803133,1002.1787317315292,550.8448860164901,trace-back-3129,2304/16
topk,dense,int16,262144,2304,36,softmax,0,float32,forward,7.471957397460938,15.7109033203125,2.102648942518229,972.5204914135738,499.7635672449561,trace-back-3129,2304/36
topk,dense,int16,4096,256,8,sigmoid,0,float32,forward,0.0134166395664215,0.1055471992492675,7.866887884014251,942.7433700802324,129.15063684264072,trace-back-3129,256/8
topk,dense,int16,4096,384,6,sigmoid,0,float32,forward,0.0138851201534271,0.1397923183441162,10.067778802015816,1362.8632515167178,146.26863794952305,trace-back-3129,384/6
topk,dense,int16,4096,512,10,sigmoid,0,float32,forward,0.0333574390411376,0.1750851249694824,5.248757998285199,756.884962567525,155.71269121092942,trace-back-3129,512/10
topk,dense,int16,4096,512,22,sigmoid,0,float32,forward,0.0338486409187316,0.1753084754943847,5.179188018664875,748.8054855984959,155.51430655657745,trace-back-3129,512/22
topk,dense,int16,4096,896,16,sigmoid,0,float32,forward,0.0625568008422851,0.2018671989440918,3.2269424942785765,706.0985121563715,236.34452872758985,trace-back-3129,896/16
topk,dense,int16,4096,2304,16,sigmoid,0,float32,forward,0.1800255966186523,0.2986188888549804,1.6587579458911277,629.78422029711,410.8360072948341,trace-back-3129,2304/16
topk,dense,int16,4096,2304,36,sigmoid,0,float32,forward,0.1870463943481445,0.3177206420898437,1.698619442503012,607.0211638972785,386.1360445233775,trace-back-3129,2304/36
topk,dense,int16,16384,256,8,sigmoid,0,float32,forward,0.0377475190162658,0.2860355186462402,7.577597842204781,1340.320988465454,190.6265077080724,trace-back-3129,256/8
topk,dense,int16,16384,384,6,sigmoid,0,float32,forward,0.0391171193122863,0.424060173034668,10.84078225825474,1935.062738022866,192.87104331137823,trace-back-3129,384/6
topk,dense,int16,16384,512,10,sigmoid,0,float32,forward,0.1077996826171875,0.4495280075073242,4.170030899846562,936.839270284624,242.59201246370216,trace-back-3129,512/10
topk,dense,int16,16384,512,22,sigmoid,0,float32,forward,0.1105523204803466,0.452086067199707,4.089340370563059,917.0697779973192,241.2193427580833,trace-back-3129,512/22
topk,dense,int16,16384,896,16,sigmoid,0,float32,forward,0.1923788833618164,0.5854064178466797,3.0429868788960435,918.4222972523432,325.9971639907473,trace-back-3129,896/16
topk,dense,int16,16384,2304,16,sigmoid,0,float32,forward,0.5783107376098633,1.1083049774169922,1.9164523591548297,784.1962642338897,442.7784571929833,trace-back-3129,2304/16
topk,dense,int16,16384,2304,36,sigmoid,0,float32,forward,0.5877836990356445,1.192783660888672,2.029290133165702,772.6728059065457,411.4187543736001,trace-back-3129,2304/36
topk,dense,int16,65536,256,8,sigmoid,0,float32,forward,0.1392076778411865,1.082015380859375,7.772670283989508,1453.764412555444,201.57181853253715,trace-back-3129,256/8
topk,dense,int16,65536,384,6,sigmoid,0,float32,forward,0.147104959487915,1.6513127136230468,11.225404767938535,2058.2332577636425,198.11856912444352,trace-back-3129,384/6
topk,dense,int16,65536,512,10,sigmoid,0,float32,forward,0.4282028961181641,2.0835385131835937,4.865773987218979,943.3936754330704,209.35903667721783,trace-back-3129,512/10
topk,dense,int16,65536,512,22,sigmoid,0,float32,forward,0.4349472045898437,2.122612152099609,4.88016046476546,932.3815941808896,205.5050969007784,trace-back-3129,512/22
topk,dense,int16,65536,896,16,sigmoid,0,float32,forward,0.7474988555908203,2.657901306152344,3.555726254659679,945.4733190747096,287.2052947312281,trace-back-3129,896/16
topk,dense,int16,65536,2304,16,sigmoid,0,float32,forward,2.246695709228516,4.420473327636719,1.9675442960429423,807.4241974775102,444.0552236177448,trace-back-3129,2304/16
topk,dense,int16,65536,2304,36,sigmoid,0,float32,forward,2.286623992919922,4.841853332519531,2.117468087237504,794.4716427470897,405.40969277534015,trace-back-3129,2304/36
topk,dense,int16,262144,256,8,sigmoid,0,float32,forward,0.5372697448730469,4.183143005371094,7.785926986005031,1506.693201552377,208.55496235243007,trace-back-3129,256/8
topk,dense,int16,262144,384,6,sigmoid,0,float32,forward,0.5669500732421875,6.424500122070312,11.33168584903934,2136.176247538194,203.69255555065547,trace-back-3129,384/6
topk,dense,int16,262144,512,10,sigmoid,0,float32,forward,1.6707737731933594,7.295331420898438,4.366438794975115,967.1301057782384,239.1708290320716,trace-back-3129,512/10
topk,dense,int16,262144,512,22,sigmoid,0,float32,forward,1.7177174377441409,7.4520635986328125,4.3383524175079256,944.3619982867192,234.14057608420225,trace-back-3129,512/22
topk,dense,int16,262144,896,16,sigmoid,0,float32,forward,2.940101318359375,9.567901000976562,3.2542759466247264,961.5181893042688,319.1351281423527,trace-back-3129,896/16
topk,dense,int16,262144,2304,16,sigmoid,0,float32,forward,8.799169311523437,16.642275390625,1.891346194331116,824.6398794142208,471.7946857448997,trace-back-3129,2304/16
topk,dense,int16,262144,2304,36,sigmoid,0,float32,forward,8.96929931640625,18.21731689453125,2.031074697352215,810.1671517091859,431.0040349771295,trace-back-3129,2304/36
